item,pulse_strength,tempo,tonal_entropy,harmonic_share,centroid,flatness,rms_cv,mfcc0,mfcc1,mfcc2,mfcc3,mfcc4,mfcc5,mfcc6,mfcc7,mfcc8,mfcc9,mfcc10,mfcc11,mfcc12
AA1-005,0.26647989473300654,112.34714673913044,3.375934362411499,0.28109559416770935,2623.4011002496954,0.0399254634976387,0.8844952583312988,-314.548583984375,79.76908111572266,-18.91404151916504,-5.753073215484619,-28.162813186645508,-3.8345322608947754,-19.23863410949707,1.7722200155258179,-11.705663681030273,1.1864985227584839,-8.889397621154785,-0.021832183003425598,-10.330718040466309
AA2-009,0.3121696424624939,112.34714673913044,2.981890916824341,0.7521421909332275,1789.0872360049466,0.004680451471358538,0.34545302391052246,-275.5915222167969,107.91968536376953,-23.182554244995117,17.94380760192871,-53.754615783691406,-12.24602222442627,-13.718015670776367,-10.314525604248047,-15.23721694946289,0.985710859298706,-17.58823013305664,-0.2256961464881897,-10.451072692871094
AB1-018,0.2404005840086251,172.265625,3.382269859313965,0.39923134446144104,1888.0919073941902,0.009884661994874477,0.8154552578926086,-316.2559814453125,111.71773529052734,-42.58354568481445,41.75259780883789,-10.999906539916992,-3.512608528137207,4.10175895690918,-11.331706047058105,-0.7267062067985535,-1.7433701753616333,-1.603461503982544,2.397433280944824,-4.144739627838135
AC1-002,0.2575495151472868,117.45383522727273,3.5252127647399902,0.43692800402641296,1496.1871018728036,0.009345154277980328,0.8473243117332458,-358.78704833984375,138.25828552246094,6.09502649307251,25.75546646118164,-12.30087947845459,-6.407192707061768,4.884641170501709,-8.101572036743164,-4.428571701049805,-1.6140044927597046,-4.269556522369385,4.8902812004089355,-9.769379615783691
AC1-006,0.22533393017609335,103.359375,3.4598047733306885,0.630500853061676,1072.3759721496228,0.002786608412861824,0.7693708539009094,-390.98870849609375,152.77389526367188,6.669988632202148,21.39937400817871,-9.18844223022461,-1.2778172492980957,-6.873648166656494,-7.967426776885986,-1.83228600025177,-6.212038040161133,-6.05003547668457,-3.9150707721710205,-3.429525375366211
AC1-007,0.1883298568691288,112.34714673913044,3.2777934074401855,0.6081265807151794,1475.2464396523433,0.011120655573904514,1.1209739446640015,-420.65423583984375,113.67862701416016,9.164298057556152,23.193571090698242,-5.676614284515381,-9.970029830932617,0.310442179441452,-6.625078201293945,-10.463520050048828,-0.927823543548584,-6.4277215003967285,-6.71693229675293,-4.146676540374756
AC1-009,0.17653860978665795,51.6796875,3.387021064758301,0.31639188528060913,1417.2658736144504,0.008429016917943954,1.1858501434326172,-446.0968933105469,139.94227600097656,11.130977630615234,11.921002388000488,7.2339558601379395,1.8707510232925415,-2.209122896194458,-4.995993614196777,-0.6706035733222961,-0.6185874938964844,3.365586519241333,3.6887190341949463,-6.196527481079102
AC1-010,0.38342575846330573,129.19921875,3.025766372680664,0.7798011898994446,1265.465638125843,0.0014724245993420482,0.4487614631652832,-313.6907043457031,148.48023986816406,-26.407421112060547,17.760751724243164,-27.920814514160156,-5.7424235343933105,-6.284985065460205,-10.11607837677002,-9.093024253845215,-10.134586334228516,-11.464594841003418,-2.187619209289551,6.42586088180542
AC1-013,0.16274508273771196,45.333059210526315,3.1741244792938232,0.5366697311401367,1618.8144789242072,0.00593875115737319,1.1490830183029175,-370.6711120605469,117.94170379638672,-35.29576873779297,25.935144424438477,18.871505737304688,-17.606874465942383,-16.849817276000977,-19.826839447021484,-9.992252349853516,-3.3060414791107178,-7.496708393096924,-1.3907346725463867,2.5845580101013184
AC1-014,0.13785597523003648,161.4990234375,2.944023847579956,0.4048159718513489,748.3015936767906,0.0003321765689179301,1.2313899993896484,-442.7153625488281,164.81442260742188,24.58987045288086,-2.8651647567749023,14.504236221313477,2.469278573989868,-5.701747417449951,-2.745725393295288,1.4577447175979614,1.7612335681915283,0.2648853063583374,-0.8695781230926514,-1.2199488878250122
AC1-015,0.2199974634099089,287.109375,3.1013777256011963,0.4746052622795105,610.973842006475,0.00012208055704832077,0.7723488807678223,-387.4945068359375,209.2603759765625,29.15471649169922,-12.87569522857666,12.831336975097656,0.18706342577934265,-10.038214683532715,-6.267511367797852,-3.447530746459961,-4.407102584838867,-4.552133560180664,-3.5789003372192383,-3.282923936843872
AC1-018,0.19224899696800565,135.99917763157896,2.9104104042053223,0.5842342972755432,546.5164017092701,8.398616773774847e-05,0.95940762758255,-462.6509704589844,157.95692443847656,50.982791900634766,13.904942512512207,15.899413108825684,6.2573676109313965,2.315608263015747,-0.4750424921512604,-4.07661247253418,-8.10274887084961,-6.849658489227295,-2.446415662765503,-0.8482716679573059
AC1-024,0.2668228988729079,234.90767045454547,3.069788932800293,0.22866788506507874,1374.6258920949008,0.0027981335297226906,0.8656345009803772,-280.96820068359375,166.79156494140625,-57.29026412963867,-0.6703278422355652,-5.562014102935791,-1.0071924924850464,2.561522960662842,7.665060043334961,3.032360553741455,0.1425374299287796,3.483811855316162,-1.65439772605896,7.736139297485352
AC1-029,0.16254194039182035,99.38401442307692,3.299259662628174,0.1916017234325409,752.5754407631999,0.0004867302195634693,1.1374542713165283,-432.0052795410156,157.7848663330078,42.537994384765625,6.634274959564209,9.870490074157715,0.5017098188400269,-5.383432865142822,-3.3792521953582764,-4.937765121459961,-5.445209503173828,-0.7428383827209473,2.988797426223755,2.132889747619629
AC1-031,0.21399758683914863,161.4990234375,3.3002426624298096,0.05478675663471222,1849.7513320849978,0.008474032394587994,1.261591911315918,-308.24810791015625,130.23056030273438,-60.28199768066406,25.55403709411621,-12.391291618347168,-15.83648681640625,-1.3824857473373413,-13.241186141967773,2.225419044494629,-7.39530086517334,-1.5360389947891235,9.222440719604492,-1.6510173082351685
AC1-032,0.2603514727607563,287.109375,3.353640556335449,0.3207206130027771,1508.4155234462555,0.004043538123369217,1.058984637260437,-359.6424255371094,138.31475830078125,-47.27500534057617,19.20146942138672,-3.387897253036499,-20.686052322387695,-8.932628631591797,-17.399412155151367,-8.88109302520752,-4.00429105758667,-7.134584903717041,4.3394598960876465,1.1040117740631104
AC1-104,0.19241341199672718,99.38401442307692,3.3562357425689697,0.24421536922454834,1547.4056996471616,0.009470729157328606,1.2748732566833496,-384.9553527832031,149.08096313476562,-48.22736358642578,3.912742853164673,16.83791160583496,-10.247745513916016,-6.279986381530762,-6.314948081970215,-7.718683242797852,-1.1797245740890503,-4.601734161376953,-0.3073180019855499,3.8819258213043213
AC1-105,0.3463628385826278,234.90767045454547,3.4155287742614746,0.26116862893104553,1803.5566178331342,0.00731533532962203,1.0309805870056152,-351.53704833984375,126.90103912353516,-57.97006607055664,27.71724510192871,11.73963737487793,-19.529451370239258,-3.4633162021636963,-6.965289115905762,-13.556107521057129,-0.3128361105918884,-14.751885414123535,-4.185609817504883,6.995558738708496
AC1-108,0.27419338135287114,45.333059210526315,3.3327624797821045,0.4862510561943054,1898.0298473131522,0.010890163481235504,1.0789282321929932,-375.0516052246094,105.16847229003906,9.525385856628418,42.66116714477539,-8.975669860839844,2.407179594039917,-13.413304328918457,-6.132758140563965,-0.7200435400009155,-7.629245281219482,-2.295177936553955,-1.5712804794311523,-5.622943878173828
AC1-111,0.17320211609458125,54.978390957446805,2.756885051727295,0.7196173071861267,1169.9441433863599,0.0029940952081233263,1.2520849704742432,-419.7791442871094,133.32777404785156,25.697509765625,11.839631080627441,-27.126523971557617,-8.73932933807373,12.295421600341797,-9.987286567687988,-7.872420310974121,-4.64625358581543,-6.355429172515869,1.1033426523208618,-1.8320047855377197
AC1-416,0.15790150092957397,287.109375,3.2321627140045166,0.4050094485282898,1094.0984092389901,0.0024009381886571646,1.007714033126831,-418.9339294433594,164.21543884277344,-3.0237019062042236,-1.8240740299224854,4.506815433502197,-4.5944108963012695,-3.9081802368164062,-6.329598426818848,4.728454113006592,1.6753147840499878,-10.20457649230957,2.672748327255249,1.6461259126663208
AC1-417,0.21425391273004807,80.74951171875,2.386420249938965,0.6335075497627258,1288.5918157337421,0.00215549161657691,0.6382401585578918,-305.97808837890625,150.95558166503906,-4.360850811004639,10.391229629516602,19.200332641601562,5.0976128578186035,-7.782032489776611,-5.360998153686523,3.571650505065918,6.681972026824951,-11.230727195739746,0.6177284121513367,3.5701119899749756
AC1-434,0.31909802714563723,53.8330078125,2.9500184059143066,0.500092089176178,1747.3547463594887,0.016442444175481796,0.7290645241737366,-296.7863464355469,121.57086181640625,-20.519472122192383,-2.861726999282837,-8.61275863647461,-15.303289413452148,-13.61149787902832,2.4333574771881104,-3.6799724102020264,0.3138362169265747,0.9805354475975037,3.1735918521881104,-2.512316942214966
AC1-437,0.1770079036978714,66.25600961538461,2.8904781341552734,0.43405047059059143,1137.1703459404152,0.0012712645111605525,1.2827767133712769,-436.21917724609375,120.81417846679688,38.83646011352539,38.5230712890625,15.442205429077148,-2.8715765476226807,11.43798828125,15.106677055358887,3.996124744415283,-1.268018126487732,0.9634307026863098,7.252452850341797,4.413099765777588
AC1-LT8B,0.49471158237512836,123.046875,2.577986001968384,0.35443219542503357,1177.276294921103,0.0021283600945025682,0.9565641283988953,-360.05548095703125,155.43406677246094,2.034762144088745,-14.215157508850098,13.349950790405273,-8.646636962890625,-17.099170684814453,-1.334883689880371,1.3359202146530151,1.8293442726135254,8.402167320251465,11.379437446594238,6.536708831787109
AH1-010,0.2672547194491061,151.99908088235293,3.192017078399658,0.7818560004234314,2142.6046287042122,0.034711990505456924,0.7006885409355164,-312.2997741699219,87.6969223022461,-9.87281608581543,25.73324203491211,-8.39716911315918,8.12130069732666,-1.395495891571045,-3.8782708644866943,-19.395339965820312,-7.673529148101807,-4.267313003540039,2.542459487915039,-7.804360866546631
AH1-011,0.2747285822226799,92.28515625,3.513685703277588,0.3548531234264374,1758.264834389028,0.00710685458034277,0.7815995216369629,-315.6099853515625,123.79169464111328,-49.58625411987305,14.07496452331543,-14.06037425994873,-19.23111915588379,-9.141590118408203,-12.378336906433105,-1.6413171291351318,-5.097482204437256,-5.984311103820801,-3.46250057220459,-12.016639709472656
AM2-002,0.6258644522167541,143.5546875,3.2861435413360596,0.29665085673332214,1681.1563054524167,0.005657293368130922,0.2964426279067993,-198.9935302734375,141.3615264892578,-61.244388580322266,27.28314971923828,-25.32788848876953,-5.830068111419678,-6.338500499725342,6.264379024505615,2.058767557144165,3.661088705062866,-4.055724620819092,3.9173197746276855,4.538392543792725
AM2-011,0.5078803464812052,78.30255681818181,3.3477156162261963,0.37220996618270874,1136.5662181400646,0.0005384076503105462,0.5688034892082214,-332.4024658203125,145.52626037597656,22.235658645629883,40.21998977661133,-49.18944549560547,-2.428380250930786,-7.622661590576172,-10.906998634338379,-9.368223190307617,-14.83017635345459,-5.165846824645996,-17.694595336914062,-10.829361915588379
AM5-001,0.1808350024818419,86.1328125,2.961935043334961,0.8600314259529114,1778.0343218376875,0.008090377785265446,0.6544610261917114,-285.06170654296875,116.58547973632812,8.13642692565918,14.490609169006348,-3.363816499710083,6.054974555969238,-1.275511622428894,3.3496551513671875,-1.7544227838516235,3.071969985961914,-0.5719833970069885,1.3566566705703735,-4.3076863288879395
AN1-002,0.3214123630916631,215.33203125,3.136544942855835,0.5886273980140686,1883.5822254868226,0.014370269142091274,1.2203731536865234,-343.1958312988281,109.574951171875,3.1444029808044434,24.931543350219727,11.307303428649902,8.79001522064209,-0.9029093384742737,-0.006820184178650379,0.035994406789541245,-1.461010456085205,-2.5177595615386963,-0.42378342151641846,-2.749448776245117
AS2-010,0.5119410937007065,99.38401442307692,3.186138153076172,0.290040522813797,2071.608628398083,0.0025092605501413345,0.4275903105735779,-260.6994323730469,132.7790985107422,-93.29553985595703,54.823612213134766,-2.280881404876709,-20.192068099975586,8.915892601013184,-4.5623650550842285,-10.623944282531738,-0.7596877813339233,-8.38200855255127,-0.17108303308486938,-1.5229754447937012
AS2-031a,0.2877379917964531,184.5703125,2.7422707080841064,0.7185242176055908,2058.154019750399,0.0021421159617602825,0.4276438057422638,-259.4285888671875,113.79998016357422,-82.29345703125,42.262718200683594,-28.640199661254883,-43.86250686645508,-2.9782001972198486,-4.703052520751953,-23.072586059570312,-7.820693016052246,-2.698499917984009,-0.0741480365395546,-1.8441861867904663
AW2-002,0.2793793024462949,71.77734375,3.043503522872925,0.6090265512466431,1902.838364274148,0.015684330835938454,0.6678605079650879,-219.5904541015625,114.1163558959961,15.377632141113281,11.291969299316406,0.1448546051979065,0.9437722563743591,-2.8049373626708984,-0.5852640867233276,-4.232136249542236,9.025581359863281,1.805108666419983,2.248823404312134,-1.2997533082962036
AW2-018,0.22464266130466873,73.828125,3.2931697368621826,0.8550832867622375,1759.3096569245454,0.004345310386270285,0.5973130464553833,-338.6888732910156,99.61380767822266,30.03640365600586,14.447240829467773,7.804410457611084,11.130847930908203,3.124661445617676,-3.116755962371826,-10.155071258544922,-2.0198888778686523,0.8907662630081177,5.303579807281494,-1.2443376779556274
BM1-Iatmul5,0.40480460661012585,215.33203125,2.5145375728607178,0.6506151556968689,852.5259396854976,0.0006301456014625728,0.3613233268260956,-357.1607971191406,185.85296630859375,-4.542694091796875,-4.366388320922852,5.256228923797607,9.908804893493652,4.934388160705566,6.908196926116943,4.81473445892334,8.809778213500977,3.9106335639953613,3.089620351791382,2.2117254734039307
BP2-94T7,0.35420960326558426,234.90767045454547,3.328874111175537,0.15683594346046448,2455.8064243658346,0.054522063583135605,1.0251661539077759,-295.38616943359375,94.01338195800781,-4.307143688201904,2.970242738723755,1.0331854820251465,-2.970477342605591,-27.021045684814453,-11.385798454284668,-21.375686645507812,1.3629190921783447,-5.350109577178955,6.557019233703613,-0.9272320866584778
CF1-005,0.4884308106062787,123.046875,2.570493459701538,0.8668102025985718,1092.7571409789307,0.0004421958583407104,0.7163938879966736,-390.5328063964844,150.9752655029297,-15.250053405761719,-6.718424320220947,6.644542217254639,-20.862964630126953,-19.154924392700195,-11.467992782592773,-6.909893989562988,0.46522918343544006,-0.3513948619365692,3.977835178375244,7.474304676055908
CH1-200206,0.22163777796023787,198.76802884615384,3.159360885620117,0.45323798060417175,2092.730057059474,0.03443407639861107,0.8811373114585876,-346.6143798828125,106.50929260253906,-0.29999881982803345,18.976051330566406,-7.056500434875488,0.14369533956050873,-23.818910598754883,-1.3806849718093872,-21.648117065429688,-4.032712936401367,-10.891176223754883,-0.7982915043830872,-10.677955627441406
CLV1-020,0.4373961110570215,60.09265988372093,3.252925157546997,0.42372676730155945,1474.3374236938455,0.0011794796446338296,0.3529724180698395,-254.95977783203125,153.97303771972656,-64.34210968017578,26.705957412719727,-43.29767990112305,-18.797340393066406,-16.972484588623047,-19.361324310302734,-2.778505563735962,-2.448019504547119,-5.284297466278076,-8.897974014282227,-5.2919182777404785
CM1-002,0.25843452712094045,234.90767045454547,3.4266881942749023,0.5164011120796204,2108.39427467056,0.0411110445857048,0.950394868850708,-351.4499816894531,97.53042602539062,-0.49157631397247314,16.56538200378418,-1.2674623727798462,-12.975910186767578,-14.311881065368652,-9.966288566589355,-15.108945846557617,-4.796915054321289,-5.695992469787598,-4.990207672119141,-9.790120124816895
CR1-030,0.22403909937548258,258.3984375,3.4955344200134277,0.5442066192626953,1897.902604065539,0.03607723489403725,1.214450478553772,-436.4389343261719,112.94528198242188,5.5140910148620605,4.623043537139893,7.972692966461182,2.8091588020324707,0.36658450961112976,-0.9581255912780762,-18.416065216064453,-17.21715545654297,-1.3697091341018677,-2.447784662246704,-7.124553680419922
CS2-27,0.2656033254987741,258.3984375,3.5078511238098145,0.2462405413389206,2068.7247591499963,0.016122857108712196,0.9630502462387085,-283.8533020019531,96.94673156738281,-1.0851773023605347,24.891536712646484,1.9364523887634277,3.748072385787964,1.4242500066757202,1.0163803100585938,-1.8048118352890015,9.436988830566406,-2.724975824356079,2.809431791305542,-1.4483642578125
DD1-458,0.29205561790378776,52.734375,3.3856289386749268,0.6203203797340393,1508.9201549037227,0.005080274771898985,0.7353211641311646,-387.3971252441406,104.43051147460938,13.889204978942871,52.34245681762695,15.638226509094238,-5.332631587982178,6.4657511711120605,9.445972442626953,-8.136401176452637,8.439002990722656,-9.80624008178711,4.39168643951416,-3.7613372802734375
DD2-20150121,0.20044506171779772,112.34714673913044,3.459022045135498,0.4654555022716522,2853.1499137129294,0.015290750190615654,1.2121058702468872,-386.9207763671875,75.02600860595703,34.795135498046875,18.456459045410156,-1.6581321954727173,21.233932495117188,-10.023900985717773,3.2256486415863037,-8.120441436767578,13.556453704833984,-10.055336952209473,-5.425456523895264,-4.081709861755371
DE1-009,0.2858406450669228,258.3984375,3.373198986053467,0.32462799549102783,3729.4048795248614,0.17754755914211273,1.2968640327453613,-272.90289306640625,43.61838150024414,-2.3439981937408447,2.377362012863159,-5.642144203186035,7.102365016937256,-12.460044860839844,-1.8450525999069214,-11.74609375,1.039708137512207,-4.472148895263672,3.1978979110717773,-6.077494144439697
DG1-GA1,0.5858950332767131,234.90767045454547,3.0614540576934814,0.6951512694358826,1141.8233246161376,0.001220297534018755,0.2032729983329773,-289.75634765625,150.45269775390625,-12.358576774597168,13.783842086791992,-3.5988306999206543,-4.354793071746826,-15.548979759216309,-0.5973479747772217,-18.116764068603516,-1.8767735958099365,-12.60549545288086,-7.221470355987549,-10.195713996887207
DG1-GB16,0.28544062915745483,73.828125,3.117337703704834,0.6617361903190613,889.4414915963398,0.0003086643700953573,0.10200535506010056,-286.9859313964844,198.67283630371094,-16.767860412597656,-0.4475458562374115,-11.720067977905273,-12.446107864379883,-6.060390472412109,-16.530916213989258,-15.094956398010254,0.31029045581817627,-5.4186224937438965,2.326228618621826,-6.28206729888916
DG1-LOM027307,0.5849799488951599,172.265625,2.712308883666992,0.4294223487377167,1527.6357486903212,0.004011115059256554,0.4204254150390625,-253.3270721435547,124.45974731445312,-10.876039505004883,39.40158462524414,-5.971451282501221,3.06514573097229,-20.066444396972656,-11.130467414855957,-19.907901763916016,-10.649867057800293,-11.013303756713867,-2.6463277339935303,-8.038060188293457
DG3-026,0.37218322945107835,103.359375,3.130275249481201,0.42136335372924805,1605.6143078478983,0.004460071679204702,0.6198087930679321,-245.50051879882812,123.47064971923828,-1.4175955057144165,21.845829010009766,-6.012186050415039,3.4666244983673096,-8.953218460083008,-7.650157928466797,2.642352342605591,6.030837535858154,2.413813352584839,4.993226051330566,-3.3721256256103516
DG4-F860910,0.6383094806014203,135.99917763157896,2.4493234157562256,0.3373714089393616,2196.7637442243094,0.016472257673740387,0.48904910683631897,-257.41217041015625,97.80146789550781,-55.12729263305664,1.1378623247146606,-8.132333755493164,-5.283406734466553,-12.683735847473145,-7.532252788543701,-11.421876907348633,7.934680461883545,-5.035904407501221,-3.708158254623413,-7.403046607971191
DK1-008,0.2880410232381512,234.90767045454547,3.2042341232299805,0.3014877736568451,2301.663789097095,0.037103839218616486,0.9620750546455383,-353.19586181640625,91.35103607177734,31.34355926513672,32.25932312011719,0.33122578263282776,4.877651691436768,-26.286340713500977,-10.659676551818848,-7.3190999031066895,-2.3471596240997314,-2.375603675842285,-6.944469451904297,-4.43052864074707
DLGP1-003,0.2709025911989442,234.90767045454547,3.2906854152679443,0.340933233499527,1827.6886175114546,0.007046714425086975,0.9106114506721497,-381.0325622558594,105.35501098632812,1.8792818784713745,37.325618743896484,19.180692672729492,-6.314743518829346,4.4272918701171875,0.40038979053497314,-5.5048747062683105,8.060970306396484,4.111108779907227,6.04484748840332,2.6018502712249756
DLGP1-038,0.22689990971576712,66.25600961538461,3.2491519451141357,0.6924774050712585,1532.9165792759175,0.015797076746821404,0.7014094591140747,-350.7857360839844,131.87229919433594,-43.035823822021484,38.48178482055664,9.20228385925293,0.7093334794044495,10.649616241455078,-8.796443939208984,-9.959583282470703,-8.277824401855469,-10.740277290344238,-18.35376739501953,-14.547444343566895
EAG1-S29,0.20452201586648242,234.90767045454547,2.9823880195617676,0.47298893332481384,1557.983887394513,0.008728991262614727,0.9856836795806885,-387.9516906738281,106.97887420654297,21.527809143066406,34.296607971191406,2.908897638320923,-4.970300197601318,2.1448352336883545,-2.081010103225708,1.20159912109375,-0.47694429755210876,-3.0088343620300293,-1.440276026725769,-2.280841112136841
EF1-002,0.2324827985136889,287.109375,2.9632530212402344,0.7596035003662109,2088.683703333807,0.008180932141840458,0.4513268768787384,-236.5824432373047,97.40380096435547,-47.41725540161133,20.30051612854004,-35.60322570800781,-6.12965202331543,-21.833595275878906,-3.7078802585601807,-25.782819747924805,-3.12972354888916,-9.316960334777832,-2.6083984375,-4.557445049285889
EF1-005,0.28817446327816365,215.33203125,3.1124143600463867,0.496256560087204,2643.3410214063642,0.04300898686051369,0.9974314570426941,-299.4129333496094,78.97077178955078,5.080230712890625,19.150768280029297,-10.133706092834473,13.682361602783203,-13.361689567565918,3.475271224975586,-8.32547664642334,-3.640748977661133,0.10672604292631149,3.5370523929595947,-4.684485912322998
FM1-20070501,0.2232445128220974,54.978390957446805,3.2184853553771973,0.3379251956939697,1739.0443409091433,0.01952783763408661,0.9152952432632446,-313.9478454589844,129.61209106445312,-5.575347900390625,19.282089233398438,-2.7959773540496826,-8.178342819213867,1.82382071018219,-3.7108805179595947,-1.6254103183746338,7.220246315002441,-0.48143085837364197,1.1083028316497803,-5.567923069000244
GAC1-07,0.5268264622596773,234.90767045454547,2.5920751094818115,0.4772759974002838,2547.1839938704097,0.025978734716773033,0.4174460768699646,-197.25379943847656,85.05658721923828,-21.508419036865234,9.054614067077637,-0.5229430198669434,5.5136799812316895,0.3970580995082855,5.49383544921875,-7.8958516120910645,4.625011920928955,-7.444672584533691,-4.927850723266602,-11.81758975982666
GH2-lev_db_070719,0.2750938697977244,287.109375,3.301152467727661,0.1988026648759842,2187.1193482105614,0.03658420965075493,1.3788176774978638,-432.5693054199219,77.62840270996094,-11.223219871520996,15.32777214050293,5.217789173126221,-5.1882710456848145,-11.04361343383789,-1.0723109245300293,-4.516230583190918,0.9792248606681824,-5.643570423126221,-4.761807441711426,-4.0730366706848145
GH3-abz_20160706_seeds_demo,0.27722600839595024,234.90767045454547,3.4481360912323,0.3279514014720917,1756.0362764528857,0.01390177570283413,0.9947793483734131,-380.1002502441406,118.43840789794922,3.203913450241089,0.9601736664772034,18.4859619140625,-3.802490234375,-10.091561317443848,-4.337730884552002,-9.961048126220703,-3.20131516456604,-5.904353618621826,-3.838897943496704,-2.7462594509124756
GW1-76074,0.3043621160172548,287.109375,3.3564608097076416,0.47046002745628357,2558.971151995203,0.043299946933984756,1.1407196521759033,-431.9735107421875,85.93077087402344,-1.0914534330368042,19.702917098999023,6.94482421875,-4.373464584350586,0.3942616879940033,-3.3899037837982178,-5.22451114654541,1.5691914558410645,-8.006482124328613,-4.68517541885376,-4.077944278717041
HDF1-FY14,0.13083790256335884,92.28515625,2.9886608123779297,0.5037150382995605,2653.6794939715,0.050466492772102356,1.1070433855056763,-395.9837646484375,64.77346801757812,21.040075302124023,16.149538040161133,-8.235109329223633,5.68034029006958,-4.376138687133789,-1.2227877378463745,-0.7666990756988525,1.1875816583633423,-7.351046085357666,-2.2463650703430176,-0.7435784339904785
HDF1-HB14,0.28297206421205057,86.1328125,3.4527320861816406,0.17532585561275482,2326.1457094021375,0.027784276753664017,0.8216358423233032,-304.489501953125,98.88729858398438,-20.01763153076172,33.38882064819336,-28.64727020263672,0.6435398459434509,-6.029825687408447,-10.849774360656738,-11.311290740966797,2.3914082050323486,-4.526384353637695,2.131516695022583,-5.563629627227783
IB1-002,0.23703029286755165,107.666015625,3.3445444107055664,0.6344103813171387,664.6396720841143,0.0001650740159675479,0.42879518866539,-345.5198974609375,225.24078369140625,34.912899017333984,-22.143360137939453,-13.821639060974121,-2.2347683906555176,-4.440454006195068,-20.313377380371094,-10.238348007202148,-6.234649658203125,-14.226848602294922,-7.540555953979492,-5.826165199279785
IG1-003,0.26073849897636664,287.109375,3.166304111480713,0.287095308303833,2007.757231249153,0.014821888878941536,1.209297776222229,-295.8203430175781,104.9815902709961,-24.039894104003906,34.56114959716797,3.5173349380493164,3.93314528465271,-12.088497161865234,2.5355496406555176,-0.5439631342887878,-3.2334697246551514,-5.842289447784424,3.814770221710205,-3.786896228790283
IG5-003,0.2773624784654038,63.02400914634146,2.5865366458892822,0.35945242643356323,1312.1246920240853,0.005237608216702938,1.144755482673645,-343.0686340332031,152.44248962402344,-13.394200325012207,4.302085876464844,-4.730570316314697,-1.2153733968734741,-7.555193901062012,-13.70335865020752,-1.6399171352386475,-1.9367989301681519,-10.851763725280762,-4.613341808319092,-5.634688854217529
IG6-005,0.2774090389175431,184.5703125,3.2578237056732178,0.5288918018341064,2138.219092997378,0.03230354189872742,1.0791897773742676,-282.2117919921875,101.48821258544922,-5.992786884307861,26.923385620117188,0.42400071024894714,1.1198952198028564,-8.973942756652832,-0.8024687767028809,-7.229738712310791,-3.6686813831329346,-10.021681785583496,-1.5244477987289429,-3.2585957050323486
IG9-006,0.24996783551090532,151.99908088235293,3.3218770027160645,0.4893118739128113,2885.652739749203,0.11517976969480515,1.3192317485809326,-333.5552673339844,80.41532135009766,12.749709129333496,15.584733009338379,2.391542673110962,-0.20708295702934265,-10.970599174499512,-8.283756256103516,-6.785021781921387,-0.2737494707107544,-9.02219009399414,-2.3846278190612793,-4.064519882202148
JB1-001,0.2506542973598164,287.109375,3.373800277709961,0.43504825234413147,2530.939170699774,0.042558636516332626,0.8539394736289978,-274.3572082519531,81.57958984375,1.1723698377609253,33.16160202026367,-15.976482391357422,16.198598861694336,-16.183103561401367,3.2815427780151367,-16.824403762817383,0.12789076566696167,-9.258630752563477,4.319831848144531,-7.084505558013916
JH1-63,0.25493050118422084,287.109375,3.142935276031494,0.4965093433856964,1260.6897347111512,0.009023968130350113,1.137481451034546,-462.71868896484375,145.6551971435547,18.16805648803711,13.418988227844238,11.713373184204102,3.2855639457702637,-5.330221652984619,-4.563557147979736,-0.24520644545555115,-5.231064319610596,-3.644165515899658,-2.2254629135131836,-6.705459117889404
JH1-A4,0.17432288925469178,234.90767045454547,2.8510398864746094,0.6288937330245972,1190.1942867168789,0.0011701213661581278,0.8648463487625122,-390.6224060058594,122.53880310058594,21.601163864135742,62.337554931640625,1.838330626487732,11.038348197937012,16.824996948242188,-2.5079915523529053,-2.849343776702881,-0.6748778820037842,-4.250248432159424,0.9823760390281677,-7.846311569213867
JH1-KAIOO,0.2865706227021134,287.109375,3.070416212081909,0.4379522204399109,1249.6069697629432,0.006676599383354187,0.814460039138794,-369.6346130371094,151.6170654296875,39.05531692504883,11.560721397399902,-6.146230697631836,2.7821197509765625,-1.4098632335662842,2.8132715225219727,-12.413655281066895,-1.5112584829330444,0.5152312517166138,2.8630502223968506,-2.7222423553466797
JM2-YAG008,0.2658736414583237,67.99958881578948,2.8361318111419678,0.28558114171028137,2206.8749498793763,0.02336704358458519,0.7701407670974731,-272.0762939453125,92.71218872070312,5.844309329986572,43.226497650146484,3.3683102130889893,6.15998649597168,-6.872983455657959,-2.2448999881744385,-15.67237377166748,0.9270946979522705,-6.944458961486816,-3.801521062850952,-9.464543342590332
JM3-1994_WT02,0.24570251151272662,73.828125,2.8680992126464844,0.4924177825450897,1900.461047691881,0.003123473608866334,0.41313737630844116,-283.21282958984375,113.39187622070312,-56.72794723510742,37.95339584350586,0.770202100276947,-19.349428176879883,-1.897761583328247,-8.781036376953125,-9.606635093688965,9.058802604675293,-8.022454261779785,1.6540803909301758,4.1468305587768555
JM3-1994_WT03,0.2274151478971204,123.046875,3.4237170219421387,0.2712996006011963,1433.7832808395297,0.004346633795648813,0.7260738611221313,-308.0389404296875,148.26007080078125,-18.149991989135742,18.989009857177734,7.733543872833252,8.730712890625,-16.39194107055664,9.381111145019531,-20.71299171447754,-2.8956282138824463,2.41617488861084,-5.410500526428223,1.4896081686019897
JS2-F01,0.26002320669789364,287.109375,3.536755084991455,0.18276870250701904,1682.7199274034372,0.009060130454599857,0.9312828183174133,-320.1778869628906,131.53375244140625,-29.543691635131836,8.104074478149414,4.153744220733643,1.7590773105621338,-7.892880439758301,5.17179012298584,-6.20490026473999,4.351454734802246,5.083948135375977,4.681098461151123,2.151728391647339
JS2-F08,0.29746614267957483,129.19921875,3.4767353534698486,0.2428816705942154,1514.3779795777916,0.007661531213670969,0.8663938045501709,-321.69903564453125,138.05137634277344,3.5074117183685303,19.62215805053711,13.282448768615723,-8.598902702331543,-0.3556382358074188,0.22678612172603607,-10.46467399597168,7.808079242706299,-1.2766799926757812,2.007995843887329,-9.039300918579102
JS2-F14,0.23017844321774308,123.046875,3.389147996902466,0.3705868124961853,1562.7142034900942,0.011740298010408878,1.1503676176071167,-338.2187194824219,136.6871795654297,22.067232131958008,-5.3399810791015625,-4.024531841278076,9.854549407958984,-10.63014030456543,-0.2751326262950897,1.1449666023254395,2.4915008544921875,0.030869342386722565,0.7303283214569092,-4.024914264678955
JS2-F17,0.2493268214222526,161.4990234375,3.143244981765747,0.4879107177257538,1727.242400851925,0.017163537442684174,1.021030306816101,-347.4877014160156,126.08538055419922,23.03347396850586,6.878549098968506,3.642712354660034,13.001107215881348,-14.625102043151855,2.4935786724090576,-8.337517738342285,-1.734862208366394,-0.5541439652442932,1.4236243963241577,-4.38554573059082
JS2-F18,0.2617846082029633,80.74951171875,3.414846420288086,0.3554741144180298,1445.4328379758963,0.008840097114443779,0.9069837927818298,-338.3575439453125,134.21435546875,2.646728992462158,15.350854873657227,14.876046180725098,0.16281192004680634,-0.0166473388671875,-1.5788698196411133,-4.22762393951416,3.596630573272705,-6.947449684143066,6.698851585388184,-5.722884654998779
JS2-F20,0.1895323127120582,234.90767045454547,3.3142387866973877,0.3729822337627411,2124.1224131372733,0.03290209546685219,1.325908899307251,-364.79779052734375,111.9046401977539,16.49591827392578,2.6477158069610596,5.984735012054443,1.7572169303894043,-12.777716636657715,-6.442780494689941,-6.27445125579834,2.4282517433166504,-3.156324863433838,1.2082033157348633,-6.447451114654541
JS2-F23,0.27562551058074575,184.5703125,3.465441942214966,0.3329194486141205,1830.1332044753017,0.023457372561097145,1.0643465518951416,-368.2455749511719,119.59716796875,27.38791275024414,10.69719123840332,10.629749298095703,19.34678840637207,-16.73912811279297,0.4697883725166321,-6.398349285125732,-4.009235382080078,-1.6186305284500122,-0.0472819022834301,-2.3274424076080322
JS2-F24,0.2501545497217127,258.3984375,3.3946876525878906,0.5505650639533997,1307.7839109763236,0.006836669519543648,0.8440536260604858,-346.6380920410156,149.35696411132812,6.105498790740967,10.125517845153809,6.952946186065674,-6.074268341064453,-3.237684488296509,-10.9283447265625,-9.71364974975586,-3.954888343811035,-4.135254859924316,-2.3787460327148438,-7.5343708992004395
JS2-F31,0.23304357132873715,234.90767045454547,3.086871862411499,0.21440374851226807,2413.9329106933887,0.013815867714583874,1.234426736831665,-387.9052429199219,90.0846176147461,-4.082559108734131,24.88384246826172,21.341018676757812,14.055468559265137,-1.8138976097106934,7.397475719451904,3.058988332748413,6.040496826171875,5.623351097106934,5.074484348297119,-0.5073859691619873
KM1-046,0.24534198403693128,172.265625,2.9108200073242188,0.44026854634284973,1862.935064258761,0.013589059934020042,0.929039478302002,-366.2138671875,110.99662780761719,-18.194076538085938,38.79646301269531,18.573598861694336,6.585063934326172,-2.6166317462921143,-6.75367546081543,9.906715393066406,-3.365513324737549,-6.976256370544434,8.533284187316895,-11.193100929260254
KM1-049,0.22760207800654705,92.28515625,3.4570558071136475,0.4557165503501892,1543.341724752205,0.0026315655559301376,0.7403659224510193,-335.75408935546875,147.78860473632812,-71.33942413330078,22.87860107421875,24.06926727294922,-25.016679763793945,-8.842412948608398,-8.253898620605469,-7.651591777801514,-0.9336562156677246,-6.484654903411865,-1.004852294921875,7.0711445808410645
KO1-003,0.16252184519912655,66.25600961538461,3.1406073570251465,0.7400820851325989,2739.6943499322774,0.04495593532919884,0.9642506837844849,-365.5882568359375,73.51990509033203,26.883296966552734,20.751218795776367,-0.8790003657341003,2.227945566177368,-8.066448211669922,-1.5376267433166504,-10.275406837463379,-3.575981616973877,-10.32768726348877,-5.207110404968262,-7.529611110687256
KO1-007,0.2782095640937661,258.3984375,3.4958109855651855,0.42146697640419006,2830.015766205415,0.03118538111448288,0.9961492419242859,-310.61187744140625,68.3082046508789,19.019847869873047,24.046188354492188,15.448746681213379,15.915328025817871,-3.7108781337738037,11.377086639404297,-3.5381531715393066,10.712597846984863,1.61324143409729,7.038290500640869,-0.633703351020813
LAN1-150125,0.25117254491085433,78.30255681818181,3.1161081790924072,0.7837804555892944,2627.3899588927347,0.015380527824163437,0.6382838487625122,-372.6660461425781,49.94544219970703,-0.24114234745502472,12.259867668151855,-6.710509300231934,-17.99051284790039,-11.737915992736816,-37.07979202270508,-5.526317119598389,-11.694207191467285,-9.47370433807373,-3.141767978668213,-14.519888877868652
LB1-AT9301,0.27085718826261623,135.99917763157896,3.3887276649475098,0.39837446808815,1771.6860414852463,0.006592243909835815,0.5625249147415161,-264.2785339355469,117.97376251220703,-37.49441909790039,2.395740032196045,-11.978165626525879,-12.397086143493652,-8.206767082214355,-2.6709749698638916,-2.1074934005737305,4.642148017883301,-14.444252014160156,-5.219663143157959,-11.415045738220215
LB1-AT9501,0.7317072760965675,123.046875,3.133617639541626,0.607485830783844,1493.7529376651385,0.0037654212210327387,0.41155901551246643,-251.61306762695312,143.01954650878906,-29.996370315551758,23.245328903198242,3.3677148818969727,0.9244168400764465,-9.537056922912598,8.595568656921387,-4.368999004364014,-4.670477867126465,-4.91713809967041,-3.1269803047180176,-8.192391395568848
LB3-tape1,0.2695544931956751,80.74951171875,3.4332752227783203,0.539577841758728,1592.8215203840073,0.007358203176409006,0.7387799024581909,-282.4472351074219,131.72702026367188,-24.146947860717773,19.899831771850586,-0.4910958707332611,-0.6436118483543396,-15.636137008666992,-5.126630783081055,-7.427103042602539,-5.659945011138916,-4.882541656494141,-1.2914354801177979,-2.342176675796509
LB3-tape2,0.2130742489989093,51.6796875,3.4192283153533936,0.37677621841430664,1285.9996176720863,0.0035798964090645313,0.6912367939949036,-265.70306396484375,148.45957946777344,-5.004212379455566,18.937580108642578,11.380775451660156,4.6164021492004395,-9.448799133300781,-4.008474826812744,-1.0341973304748535,8.680834770202637,3.1864099502563477,3.048868179321289,1.5701760053634644
LB3-tape3,0.24637688720306364,287.109375,3.2325832843780518,0.2683042883872986,1684.6989017262476,0.010731994174420834,0.9545210003852844,-306.1852722167969,120.97813415527344,0.36321118474006653,30.492576599121094,11.532634735107422,5.015667915344238,-6.751379489898682,-1.8039785623550415,-5.578968524932861,-4.510416507720947,-7.624327659606934,-1.6622071266174316,-1.3890985250473022
LD1-07048,0.2850304455111197,92.28515625,3.461167812347412,0.4156316816806793,2402.864154418753,0.015068592503666878,0.7919935584068298,-331.0903625488281,78.00940704345703,-18.2509708404541,38.752010345458984,-24.003522872924805,-3.521944999694824,-4.715164661407471,-5.839633941650391,-1.7147530317306519,-4.491076469421387,-1.1742439270019531,1.9682492017745972,-1.128714680671692
LG1-120307,0.2342108453735289,143.5546875,3.488940477371216,0.5144911408424377,2523.80108926484,0.0384964756667614,1.11691415309906,-361.6572570800781,80.75996398925781,16.35508918762207,17.358549118041992,4.53847074508667,1.1301655769348145,2.5670888423919678,-1.9871597290039062,-6.330193519592285,4.582098960876465,-3.9501230716705322,-0.9399550557136536,-6.697300434112549
LG1-160520,0.2884228905063151,107.666015625,3.1760849952697754,0.6975012421607971,1633.1862217231899,0.012410824187099934,0.5855730175971985,-359.4869689941406,115.89529418945312,11.932310104370117,17.89210319519043,2.1606497764587402,12.186830520629883,-24.367319107055664,0.23181165754795074,4.070088863372803,-34.64213562011719,-6.294718265533447,-6.161050319671631,-24.128707885742188
LL1-019,0.2655228678641543,99.38401442307692,2.939026117324829,0.6564052700996399,1237.8761581655122,0.0040060472674667835,0.7324159145355225,-348.9552917480469,135.2263946533203,3.1555593013763428,40.64408874511719,16.67820167541504,7.618912220001221,-12.51439094543457,-1.636888861656189,-3.7890889644622803,-10.432852745056152,-7.624194145202637,-1.4383131265640259,-5.995182514190674
LR1-070706,0.23885818753483637,198.76802884615384,3.087675094604492,0.6406770348548889,2945.518599166997,0.02993074245750904,0.6819421648979187,-300.2489929199219,72.51709747314453,31.230175018310547,5.339887619018555,-8.190847396850586,4.325904369354248,-0.41583406925201416,-6.010893821716309,5.355693817138672,-1.5252079963684082,-9.979612350463867,4.527240753173828,-11.071577072143555
LR1-111506,0.2155547907456039,184.5703125,3.2867536544799805,0.24648761749267578,1607.6629385425438,0.008505765348672867,1.1356234550476074,-345.71246337890625,111.3408203125,6.341756343841553,8.931459426879883,-10.217820167541504,-3.044546604156494,-4.971194267272949,-15.40156364440918,2.8335702419281006,-6.618295192718506,-9.084938049316406,0.949562132358551,-5.642223834991455
LR1-112606,0.2814253676895884,172.265625,3.3206024169921875,0.4219413995742798,2069.0428595165063,0.021457897499203682,0.8887608051300049,-250.58563232421875,98.53952026367188,2.6055219173431396,15.454558372497559,-0.8492610454559326,12.550755500793457,12.523967742919922,14.610920906066895,4.874948501586914,11.824058532714844,2.7955410480499268,4.46979284286499,0.025590471923351288
LS1-001,0.23621370925090754,234.90767045454547,3.236218214035034,0.3587474822998047,1898.1751708013269,0.028105298057198524,1.3767848014831543,-430.21954345703125,108.93418884277344,7.459719181060791,16.235273361206055,6.913609027862549,-3.139838933944702,2.7518084049224854,-3.75775408744812,-10.146936416625977,-3.622624158859253,-3.272040843963623,-1.5321513414382935,-5.25418758392334
LS1-010,0.24790099360980872,80.74951171875,3.114427089691162,0.664206326007843,1798.3903121255148,0.027625786140561104,0.798481285572052,-362.4127502441406,106.43077087402344,2.5200703144073486,15.660887718200684,0.8190321922302246,-7.085294723510742,-13.289654731750488,-3.0945515632629395,-5.761262893676758,-3.0411500930786133,-9.1513032913208,-6.209732532501221,-6.516622066497803
MA1-016,0.3267031247385194,287.109375,3.5254106521606445,0.38238391280174255,2210.3669385643957,0.025999199599027634,0.9310296773910522,-306.9012145996094,100.14237213134766,-1.8529902696609497,32.5611572265625,-17.423904418945312,9.9013671875,-3.2673797607421875,-10.331217765808105,0.7867298722267151,-3.5016000270843506,-1.6174284219741821,1.0602492094039917,-4.566136837005615
MA1-017,0.16382205445551876,129.19921875,2.7035768032073975,0.7846769094467163,876.7677249205021,0.00014602707233279943,0.48557791113853455,-367.35198974609375,173.4391326904297,-8.867168426513672,5.366971969604492,-25.948692321777344,-10.168882369995117,-6.833618640899658,-14.077500343322754,-5.12497615814209,-15.143830299377441,-6.048376083374023,0.7494113445281982,5.297375679016113
MA1-018,0.26307010837184575,258.3984375,3.5285212993621826,0.4119383692741394,1770.047633875236,0.010281933471560478,1.0532160997390747,-299.78814697265625,112.81973266601562,14.183223724365234,27.122364044189453,-5.408692359924316,11.994298934936523,6.456745624542236,-2.4381983280181885,2.217813730239868,1.8474878072738647,-0.38854414224624634,5.823601722717285,1.0015441179275513
MC1-008,0.5326432504262345,71.77734375,2.8911595344543457,0.5944775938987732,2740.5391883523284,0.027196509763598442,0.34114155173301697,-217.02346801757812,68.62594604492188,-30.785964965820312,41.97530746459961,-30.914121627807617,14.317229270935059,-11.91518497467041,-3.7415194511413574,-5.793522357940674,3.3123950958251953,0.07308734208345413,3.9856674671173096,-4.250401020050049
MC1-200306,0.2572243523286673,89.10290948275862,2.9478116035461426,0.6731374263763428,2109.776626239576,0.027070792391896248,0.871009111404419,-305.8856201171875,97.52557373046875,-6.673351764678955,32.65422058105469,-12.33887767791748,9.678364753723145,-6.812411308288574,-6.366182804107666,-7.888385772705078,-0.5023622512817383,-3.3649027347564697,-5.521923065185547,-6.866290092468262
MC2-004,0.3099044633583127,215.33203125,3.218026638031006,0.403815358877182,2102.50655595847,0.019780244678258896,0.8214571475982666,-281.9999084472656,99.16283416748047,-6.3093037605285645,38.075191497802734,-7.115697860717773,11.492646217346191,-8.20154857635498,-0.43887078762054443,-3.4576380252838135,1.0667798519134521,3.716508388519287,0.8491718173027039,3.2489969730377197
MC3-001,0.28237389734120055,135.99917763157896,3.467569351196289,0.40494877099990845,2032.1378209012803,0.018782606348395348,0.7676972150802612,-312.6451110839844,102.61039733886719,-24.20172119140625,29.50726318359375,-15.051098823547363,9.056370735168457,-7.812853813171387,-11.764820098876953,-2.57898211479187,0.3824153542518616,-3.3989789485931396,6.424274921417236,-3.6704587936401367
MG1-008,0.4590517821636894,103.359375,3.240401268005371,0.6280096173286438,1951.4610150299125,0.0034630587324500084,0.562126100063324,-267.492919921875,109.02298736572266,-71.74207305908203,16.81342887878418,-33.91316604614258,4.72045373916626,-2.189385414123535,-13.655425071716309,-2.536141872406006,-0.7083559632301331,-17.68229103088379,-10.271565437316895,-16.96743392944336
MG1-012,0.38387242511052344,172.265625,2.9009790420532227,0.6620418429374695,1314.9765779627458,0.0010442436905577779,0.1401936560869217,-234.94224548339844,170.9075469970703,-59.23654556274414,17.000858306884766,-37.84400177001953,-8.264522552490234,3.4266927242279053,-13.659066200256348,-13.276055335998535,-18.292818069458008,-9.651121139526367,-8.949479103088379,-8.312580108642578
MG1-020,0.20952639367292195,78.30255681818181,3.534424304962158,0.32271042466163635,840.8021018286664,0.0008173472015187144,0.9765127301216125,-421.0357971191406,163.5389862060547,41.79924392700195,9.500587463378906,15.82552719116211,15.177851676940918,-5.615697860717773,-15.399882316589355,-14.125269889831543,-16.672887802124023,-10.511741638183594,-7.788473129272461,-10.456974029541016
MJ1-007,0.2146729107202864,135.99917763157896,3.4308252334594727,0.40229249000549316,950.1974305022808,0.0006225627148523927,1.024748682975769,-405.4220275878906,133.66265869140625,32.63078689575195,40.962615966796875,25.98994255065918,14.765442848205566,5.740495681762695,-4.882230758666992,1.6330230236053467,5.861355304718018,-1.1568101644515991,-3.4447286128997803,-2.277688980102539
MJ1-013,0.32642090638537086,129.19921875,3.337766170501709,0.8204653263092041,1167.280676869752,0.0010179394157603383,0.41395455598831177,-332.3032531738281,128.93675231933594,-11.186745643615723,44.74427795410156,5.166553497314453,-14.097647666931152,-15.068381309509277,-5.1253743171691895,-9.715209007263184,-1.7224698066711426,-1.915077805519104,-7.188528060913086,-2.018491506576538
MLC1-T42,0.2420682142408705,123.046875,3.497408628463745,0.26587748527526855,2382.399986120901,0.03231181204319,0.8800809383392334,-312.0666198730469,86.13282775878906,8.563477516174316,20.292606353759766,-4.239095211029053,2.4789342880249023,-16.790828704833984,-10.579254150390625,-19.719959259033203,-5.81484317779541,-5.953921794891357,-1.3977370262145996,-6.908002853393555
MR1-011,0.2504042508656694,80.74951171875,2.7418320178985596,0.2720876634120941,3308.683975373617,0.11471137404441833,1.2911278009414673,-332.4127197265625,62.41305160522461,22.050708770751953,19.960033416748047,17.055770874023438,-0.46734243631362915,-19.015737533569336,-3.8143627643585205,2.6985960006713867,3.346212148666382,-3.700866222381592,0.8056663274765015,-5.9123992919921875
MR1-036,0.23146401908763062,41.015625,2.2469513416290283,0.834205687046051,2149.3880697585564,0.03376070410013199,1.0191879272460938,-378.4526062011719,94.65858459472656,23.629426956176758,23.407236099243164,2.7572391033172607,-0.19623403251171112,-7.478857040405273,5.581174373626709,6.483213424682617,-0.27409493923187256,-20.120010375976562,-12.96141529083252,-9.557559967041016
MR1-063,0.4576835496029087,123.046875,2.7854533195495605,0.674542248249054,876.0270241746084,0.00029182431171648204,0.2071813941001892,-317.99261474609375,203.3522491455078,-4.313697814941406,-23.35935401916504,-18.462730407714844,-9.148533821105957,-7.54843807220459,-7.493824005126953,-20.005416870117188,-5.008504390716553,0.848953127861023,-5.787595272064209,-12.869636535644531
NC1-007b,0.403777169199736,107.666015625,3.239788770675659,0.5410979390144348,1051.8739296502908,0.0007854423020035028,0.6880580186843872,-359.55194091796875,165.45249938964844,-2.504669666290283,2.5371432304382324,-23.821216583251953,-18.777576446533203,-7.727506160736084,-15.872997283935547,-12.037487030029297,2.430907726287842,-2.546536445617676,-3.81528377532959,3.797089099884033
NC1-020a,0.4731573324210828,86.1328125,2.798555850982666,0.5090391635894775,1502.727113151331,0.0028319135308265686,0.6152136325836182,-228.49876403808594,142.25912475585938,-41.11695861816406,25.887840270996094,-24.570388793945312,-10.931710243225098,1.7859268188476562,-0.48074066638946533,-14.444269180297852,0.19249632954597473,-10.138800621032715,-1.6618926525115967,-0.04352300986647606
NT1-98012,0.22475613347681236,215.33203125,3.4688706398010254,0.15382438898086548,1439.822392658087,0.008845483884215355,1.1969777345657349,-405.8736572265625,133.17315673828125,14.793675422668457,25.01075553894043,12.52923583984375,-0.5541010499000549,-2.0078015327453613,0.18867094814777374,-5.0214009284973145,-1.7028952836990356,-0.07254058122634888,3.0084824562072754,-4.437500476837158
OS1-002,0.23103793104330783,99.38401442307692,3.406459093093872,0.30460602045059204,2656.0333330175436,0.03748442977666855,0.9730560779571533,-295.0744934082031,80.5799331665039,0.8918351531028748,28.199825286865234,-19.01490592956543,11.529600143432617,-9.786829948425293,-2.21899676322937,-5.753592491149902,5.010488033294678,-1.0667401552200317,13.140527725219727,-2.7009506225585938
PK1-024,0.2505768713096225,123.046875,3.0705645084381104,0.5188392996788025,1531.5839209707055,0.0011578644625842571,0.7605435252189636,-364.399658203125,129.81661987304688,-48.532203674316406,22.282447814941406,-20.022104263305664,-15.770902633666992,-17.439071655273438,-17.97721290588379,-18.281070709228516,-17.1781005859375,-13.974720001220703,-23.00434112548828,-4.90045166015625
RB5-Bantu_Chamba_Daka,0.19027852184217883,80.74951171875,3.195230484008789,0.4377632141113281,1557.256511261442,0.009655917063355446,0.8867213129997253,-379.0904235839844,117.18746185302734,33.14537048339844,32.52381134033203,18.79095458984375,-2.767003059387207,-13.198229789733887,-14.055659294128418,-13.802879333496094,-1.6602674722671509,-3.018723487854004,-7.054030895233154,1.5434974431991577
RB5-Bantu_Coastal_Batanga,0.26488643585852495,135.99917763157896,3.5226237773895264,0.35272344946861267,1609.180937934964,0.007969606667757034,0.9170113801956177,-369.6588439941406,115.72447204589844,14.613347053527832,34.020931243896484,10.089597702026367,-5.866403102874756,-8.699291229248047,-12.09250259399414,-8.613414764404297,-2.3319385051727295,-0.5135199427604675,-4.466958522796631,-4.0097479820251465
RC1-001,0.22093588313059284,99.38401442307692,3.3936190605163574,0.6618154644966125,1727.160545531346,0.009549428708851337,0.7619594931602478,-281.71875,111.29398345947266,21.682111740112305,20.391822814941406,-13.277828216552734,-9.225424766540527,-17.71308708190918,-1.431059718132019,-16.684818267822266,-9.590478897094727,-2.224555492401123,-5.426923751831055,-9.672162055969238
RC1-002,0.2914809408969646,258.3984375,3.0821893215179443,0.12803521752357483,2664.8626987694083,0.04708906635642052,0.9561940431594849,-224.02215576171875,69.18973541259766,-22.339757919311523,41.25642776489258,-7.2252278327941895,-2.279815435409546,-7.879156589508057,4.183710098266602,-2.339345693588257,-3.521063804626465,-1.0453360080718994,3.314028739929199,-4.593839168548584
RJL1-013,0.3425211202139785,258.3984375,2.9120235443115234,0.8413378000259399,1655.010748701217,0.004157111514359713,0.46180281043052673,-374.2955322265625,124.89196014404297,12.722701072692871,-14.92470932006836,8.97889232635498,12.440752983093262,-11.319573402404785,-6.18526554107666,5.248764514923096,16.810640335083008,6.71152400970459,2.458435535430908,-7.055361747741699
RJL1-014,0.30532508832748956,67.99958881578948,3.2180161476135254,0.5100199580192566,1249.1891592566315,0.013864927925169468,0.6171972751617432,-401.6241455078125,148.95852661132812,34.540950775146484,10.091927528381348,15.10748291015625,7.518450736999512,-7.383365154266357,-5.9464111328125,-6.650629043579102,-8.029768943786621,-10.115645408630371,-6.939045429229736,-13.032462120056152
RN1-007001,0.28591983410532196,129.19921875,3.4238665103912354,0.4496588408946991,1211.5684004509692,0.00459404056891799,0.7417389750480652,-337.061279296875,145.16839599609375,0.39085444808006287,7.741540431976318,14.057947158813477,13.762727737426758,0.6938164234161377,17.844375610351562,-3.4693102836608887,5.294469833374023,13.88339614868164,-6.1960530281066895,8.443265914916992
RP1-002,0.38478184091132434,184.5703125,2.7983651161193848,0.7146148085594177,1819.8218041615899,0.007725023664534092,0.3360714316368103,-239.74082946777344,109.99327087402344,32.53242874145508,24.984678268432617,6.104681968688965,7.290327072143555,-1.2581747770309448,8.100160598754883,-6.932051658630371,7.262602806091309,-4.140758991241455,4.218414783477783,-2.7918944358825684
SAW1-014,0.22505215756871966,107.666015625,3.216310739517212,0.31010887026786804,1485.044794720167,0.005989611614495516,0.8226228356361389,-300.7196960449219,138.2584686279297,-6.358119487762451,33.78502655029297,3.2423512935638428,-10.126456260681152,-9.299040794372559,0.20662632584571838,-19.607192993164062,-6.238480091094971,-5.58042049407959,-7.783825874328613,-2.059695243835449
SAW2-052,0.20661909188606628,258.3984375,3.371108055114746,0.4445379972457886,715.3574395204372,0.0008436943753622472,0.662015974521637,-374.147216796875,174.9198455810547,50.011783599853516,20.733821868896484,2.2584421634674072,17.472972869873047,10.336490631103516,-11.840611457824707,1.0485059022903442,8.870661735534668,-3.1472818851470947,-5.387832164764404,0.5144835114479065
SAW2-075,0.28322504102040547,287.109375,2.847285747528076,0.21305814385414124,2026.7340617242198,0.023556780070066452,1.1193379163742065,-330.8904724121094,110.7117691040039,-29.411863327026367,31.86121940612793,14.615354537963867,-5.330941677093506,-7.020054340362549,-0.7939187288284302,-2.152461528778076,4.278763294219971,0.8247179985046387,1.9953752756118774,-3.0792524814605713
SAW2-085,0.2826072662890576,161.4990234375,3.4133665561676025,0.45540034770965576,1334.9637404525856,0.006553805898874998,0.6120043396949768,-267.8709716796875,147.5973358154297,-8.643101692199707,23.990402221679688,-0.610502302646637,6.187602996826172,-4.290532112121582,1.9230362176895142,-1.4821279048919678,-0.9225538969039917,-0.08500403165817261,1.4529896974563599,-1.9799538850784302
SAW2-094,0.3229495657439725,73.828125,3.2426257133483887,0.7383843064308167,816.3018655991486,0.00015748947043903172,0.2794674336910248,-382.3591613769531,192.99403381347656,-1.497292160987854,5.6598334312438965,-2.2009103298187256,-37.00239562988281,-41.38078308105469,-12.247893333435059,-5.823750972747803,-1.0351241827011108,6.331944942474365,-0.27346935868263245,-9.642938613891602
SAW2-115,0.2519266721617355,287.109375,3.0451226234436035,0.6955747008323669,1832.440250458907,0.021731453016400337,1.2131938934326172,-414.1693420410156,115.98001861572266,33.66824722290039,26.117395401000977,1.8846418857574463,-7.353370189666748,-2.9748270511627197,12.259726524353027,-14.533716201782227,-7.174373626708984,-2.0797338485717773,-1.602299690246582,-0.5683646202087402
SAW3-002,0.22375980387519792,258.3984375,3.415992021560669,0.5565127730369568,1602.4592033952201,0.006444728933274746,0.9377776980400085,-370.6141357421875,105.65606689453125,28.797739028930664,47.5074462890625,18.369476318359375,6.167513847351074,2.707620859146118,-3.0059142112731934,-10.752930641174316,-1.4610289335250854,-9.050335884094238,2.8802073001861572,-1.3656654357910156
SAW3-018,0.22042931193753615,287.109375,3.5259575843811035,0.7658459544181824,2017.0248953915439,0.019890453666448593,1.0198721885681152,-387.7562255859375,96.18136596679688,20.132450103759766,24.734846115112305,1.5857651233673096,-6.568935871124268,-0.674359142780304,-1.1719434261322021,-4.109015464782715,-6.645618438720703,-6.948910236358643,2.4761767387390137,-2.7908873558044434
SAW3-024,0.24777259967895007,184.5703125,3.3760368824005127,0.5583321452140808,1361.672387281794,0.004757815971970558,0.6875209808349609,-333.1827392578125,125.58808898925781,22.111373901367188,37.666751861572266,13.580436706542969,14.58022689819336,-0.49671992659568787,-4.844343185424805,3.280818223953247,-1.1075232028961182,-0.20334145426750183,2.2206015586853027,-1.317196011543274
SN1-MM20130712Museum,0.2489015048911959,287.109375,3.248300790786743,0.2151472568511963,1486.3890874964197,0.00791336689144373,1.1382732391357422,-366.82342529296875,131.43270874023438,12.042817115783691,23.137731552124023,-4.319307327270508,8.527726173400879,-0.8178843259811401,-1.4565669298171997,-12.305375099182129,-4.817407608032227,-0.7337766289710999,-1.937299370765686,1.0734692811965942
SN1-PTKairae20131126RA1,0.28274253807457334,161.4990234375,3.4405884742736816,0.4004548192024231,2176.2209805966627,0.02120700106024742,1.0298869609832764,-322.7212829589844,97.77289581298828,5.139340400695801,19.438114166259766,-9.472179412841797,9.235995292663574,0.1419772356748581,6.3461222648620605,-13.542841911315918,-4.465311527252197,-4.455225467681885,-2.514174222946167,-0.3438672721385956
SUY1-140125,0.208781914572201,45.333059210526315,3.459103584289551,0.5823632478713989,2130.667903448361,0.0008506067097187042,0.8501878976821899,-343.5556640625,90.06405639648438,-18.07127571105957,43.615901947021484,-22.73293113708496,9.29814338684082,-26.254148483276367,0.2659180164337158,-17.87235450744629,-14.395979881286621,10.328083038330078,-24.195009231567383,-0.2835407555103302
SUY1-160417,0.25940724151013356,234.90767045454547,2.810516834259033,0.6459027528762817,1443.774715195945,0.008063220418989658,0.7438970804214478,-366.38946533203125,127.72278594970703,3.8002231121063232,23.915382385253906,17.665815353393555,7.943761825561523,-2.7727904319763184,-7.052237033843994,-9.65081787109375,-8.801474571228027,2.922053813934326,0.412880003452301,-5.457864284515381
SUY1-160507,0.2802730982120972,107.666015625,3.201361656188965,0.6758958101272583,1164.4868756914043,0.002994618145748973,0.6375550627708435,-361.6667175292969,133.1282501220703,33.97340774536133,25.659175872802734,13.485898971557617,12.3922119140625,-17.051374435424805,-7.171978950500488,-7.886322975158691,-10.087549209594727,-5.967850208282471,-2.32523250579834,-9.294111251831055
TC1-003,0.6968652784835677,184.5703125,3.200988292694092,0.2133060246706009,1565.475256321134,0.0021640786435455084,0.6378682255744934,-278.47064208984375,139.0411376953125,-73.0496826171875,7.477190017700195,-8.40671157836914,12.527524948120117,-5.087527751922607,-5.972219944000244,5.241220951080322,-0.5958529114723206,17.324419021606445,8.434479713439941,-1.6476811170578003
TC1-009,0.2642861708227874,184.5703125,3.4416165351867676,0.5476824045181274,1410.9383563143329,0.002667573979124427,0.725105345249176,-312.9781494140625,127.58910369873047,-11.31252670288086,48.90891647338867,17.044677734375,17.783382415771484,-5.532557010650635,-10.761146545410156,11.843798637390137,-13.492295265197754,-0.7715424299240112,6.939091205596924,-5.521685600280762
TC7-002,0.23379962329844567,86.1328125,3.1281166076660156,0.5451369881629944,1599.2589183116975,0.010580848902463913,0.7739992737770081,-320.11541748046875,122.368896484375,0.28636959195137024,27.936471939086914,15.446954727172852,4.339382648468018,-3.9906187057495117,2.108812093734741,-12.090498924255371,-5.04637336730957,-10.107337951660156,-4.47398042678833,-7.675840377807617
TC7-003,0.24943565252094757,184.5703125,3.417360544204712,0.5456918478012085,1018.013422792994,0.001384478178806603,0.7633887529373169,-360.1898498535156,148.64759826660156,45.636348724365234,30.688886642456055,5.698221206665039,-9.371675491333008,11.765751838684082,11.17707633972168,-16.58306121826172,-9.462019920349121,-8.432360649108887,-0.462870717048645,-12.01340103149414
TC7-005,0.40168605018908965,103.359375,2.4480173587799072,0.7995942831039429,1894.6734995960653,0.005575576331466436,0.4725440442562103,-262.61968994140625,107.774658203125,-45.63970184326172,31.721237182617188,-15.768646240234375,0.07718061655759811,-9.256590843200684,-37.41148376464844,-15.503891944885254,-5.990890979766846,-22.410432815551758,2.4995203018188477,0.7852748036384583
TC8-007,0.18363966452749927,53.8330078125,2.8815298080444336,0.6973206400871277,1493.0241191279385,0.006856855936348438,1.071104645729065,-414.97467041015625,122.00021362304688,19.26242446899414,24.334888458251953,22.696672439575195,7.755899429321289,6.807605743408203,3.099379062652588,-4.60691499710083,1.1367454528808594,-4.145328521728516,-1.5625168085098267,2.020170211791992
TD1-0276,0.24518587150311724,215.33203125,3.549362897872925,0.3271618187427521,1825.5944865193408,0.023625480011105537,1.2039086818695068,-390.18902587890625,116.78819274902344,2.1075940132141113,19.060564041137695,14.038543701171875,7.41527795791626,-9.781281471252441,-1.624503493309021,-7.385893821716309,-1.8029242753982544,-4.818511009216309,1.2177337408065796,-4.789702415466309
TD1-2078,0.2326388379790018,56.17357336956522,3.435938596725464,0.404801607131958,1906.567506484677,0.015401567332446575,1.2440840005874634,-337.3142395019531,109.22569274902344,-22.52294158935547,30.29291534423828,-7.403073787689209,-4.973031520843506,-8.832636833190918,-8.83450698852539,-11.01515007019043,-7.615636825561523,-7.360905170440674,-6.604336261749268,-7.882537841796875
TD1-2278,0.22960238707996658,287.109375,3.08528470993042,0.23271037638187408,2478.3620356990245,0.04889853671193123,0.9850430488586426,-311.87213134765625,86.90465545654297,-39.98873519897461,40.17105484008789,-1.7804831266403198,-8.339815139770508,-4.520668983459473,-5.583613872528076,-17.165555953979492,2.103431224822998,-6.750157833099365,-1.4888914823532104,-4.229452133178711
TD1-NG6,0.3009014065763766,198.76802884615384,3.1608216762542725,0.2608250081539154,2520.2650630619523,0.040766019374132156,1.1979159116744995,-367.2267150878906,63.569183349609375,-40.236568450927734,19.412927627563477,2.3983917236328125,-5.291506767272949,-12.209070205688477,-11.574699401855469,-15.658101081848145,-4.055042266845703,-2.1579394340515137,5.374225616455078,-0.3803948163986206
TD1-P00274,0.19662190601649757,73.828125,2.9266843795776367,0.9084061980247498,966.7903557702388,0.0006048965733498335,0.5183639526367188,-387.5590515136719,156.5292205810547,-13.718827247619629,14.01679801940918,6.986469745635986,-26.39790916442871,-24.474985122680664,-15.580535888671875,-20.406383514404297,-16.151765823364258,4.031047344207764,5.984858989715576,-5.753976345062256
TD1-P00279,0.18710577217874388,43.06640625,3.279930353164673,0.3691217601299286,2244.544260304016,0.03785198554396629,1.0558230876922607,-282.0722351074219,93.65815734863281,-36.88895034790039,33.52661895751953,-2.8158931732177734,-0.1723106950521469,-9.689896583557129,-9.593595504760742,-8.737875938415527,-6.117340564727783,-7.6329569816589355,-4.322775840759277,-10.3980712890625
TD1-P004,0.2541168549230976,143.5546875,3.463820219039917,0.48099231719970703,1900.2455118681346,0.02577696554362774,0.9237574934959412,-391.6360778808594,88.87897491455078,-2.9606478214263916,35.319576263427734,1.7803133726119995,0.8490491509437561,-15.57474136352539,-9.501567840576172,-15.789786338806152,-7.155752658843994,-7.687777996063232,-8.346793174743652,-4.3597235679626465
TD1-P00474,0.2505349119081917,287.109375,3.5257177352905273,0.2979627549648285,2030.6443931926192,0.043486032634973526,1.1927708387374878,-402.4775085449219,119.17605590820312,5.896937847137451,15.795209884643555,0.4729190766811371,-4.987705707550049,-11.909295082092285,-5.122381210327148,-1.5301820039749146,-3.3951303958892822,0.8652762770652771,2.5195021629333496,-5.976955890655518
TD1-P00477,0.42014916696330573,112.34714673913044,2.6974477767944336,0.6104592680931091,2080.715535034549,0.005284351296722889,0.3859683573246002,-247.84140014648438,100.03993225097656,-77.36109161376953,-2.0400116443634033,0.01651763916015625,-4.519123554229736,-38.44776916503906,7.453426837921143,-26.640132904052734,-14.677412986755371,-0.18331372737884521,3.4851648807525635,-8.773080825805664
TD1-P00479,0.29420610200857084,129.19921875,3.4397547245025635,0.5854977369308472,1666.3477892502556,0.012017196044325829,0.7731571197509766,-310.915771484375,116.81307983398438,9.07441234588623,32.945709228515625,9.239521980285645,-26.038606643676758,-16.88965606689453,3.6768126487731934,-8.86788272857666,-8.723421096801758,-7.941413402557373,-5.068179607391357,-6.196840763092041
TD1-P00974,0.27130363450941225,86.1328125,3.3198275566101074,0.43927001953125,1944.6562065701498,0.03264370560646057,0.8465588092803955,-352.1468811035156,112.01197052001953,-9.839909553527832,16.38678741455078,6.120909690856934,-5.029082298278809,-9.53758430480957,-4.956439018249512,-11.018304824829102,-4.837695121765137,-3.0764663219451904,-2.4349873065948486,-6.344130516052246
TD1-P010,0.2494218779360104,234.90767045454547,3.2978110313415527,0.5129257440567017,2086.3606367085395,0.03696059808135033,1.1195683479309082,-428.79254150390625,88.0162124633789,-0.6038151383399963,21.740755081176758,-5.295535564422607,-13.163985252380371,-19.091842651367188,-7.533627033233643,-7.917825222015381,-8.318729400634766,-4.888895511627197,-3.9635236263275146,-6.316875457763672
TD1-P023,0.24540783886332115,123.046875,3.397108793258667,0.5003653764724731,1576.6949532862723,0.008632672019302845,0.7384187579154968,-362.9992370605469,107.94483947753906,-6.203940391540527,14.504968643188477,-14.978814125061035,-6.193181991577148,-20.733470916748047,-8.75795841217041,-13.078449249267578,-13.760090827941895,-3.954224109649658,-8.606422424316406,-4.500732421875
TD1-P02676,0.5873281187401177,107.666015625,2.7518503665924072,0.062141768634319305,1796.6725099911698,0.009950719773769379,1.2126216888427734,-380.3166198730469,105.78275299072266,22.631591796875,33.507293701171875,6.095887184143066,-10.52066421508789,1.1675944328308105,0.6335713863372803,-13.330425262451172,-4.626667499542236,-3.075939655303955,-2.287531614303589,-2.1136443614959717
TD1-P02776,0.2958134551148003,258.3984375,3.3993442058563232,0.41323456168174744,1745.2865662369063,0.011268842965364456,0.8032313585281372,-338.7165832519531,112.65685272216797,-10.997452735900879,40.479156494140625,-3.7838730812072754,10.784850120544434,-15.432610511779785,-6.627432823181152,-5.0183892250061035,0.3252067565917969,4.141350746154785,-1.0813571214675903,0.4546997547149658
TD1-P125,0.2237329461836224,112.34714673913044,3.356576442718506,0.2453424483537674,2666.617566352081,0.0532139390707016,0.8322333693504333,-279.23919677734375,76.03268432617188,-8.908686637878418,23.62126922607422,20.86652374267578,3.9591410160064697,-13.709386825561523,-0.3759182095527649,-11.133367538452148,-8.644875526428223,-0.34923115372657776,1.879036545753479,-6.931319236755371
TD1-P137,0.2435867607130374,58.72691761363637,2.6906087398529053,0.16427485644817352,1095.7034959498624,0.001373319886624813,0.6248588562011719,-320.05023193359375,155.8645477294922,39.697242736816406,-1.3006469011306763,0.5841113924980164,16.24778175354004,9.825309753417969,-1.1847926378250122,-8.018616676330566,-1.863926887512207,1.0782830715179443,4.5139265060424805,4.0142130851745605
TD1-P160,0.2719473292872654,172.265625,2.617027521133423,0.5072004795074463,1621.87159257412,0.01585105061531067,0.6113319993019104,-307.6485900878906,123.44247436523438,-10.443126678466797,32.17898178100586,7.935056209564209,-5.608676433563232,-6.435235023498535,2.3121955394744873,-18.61302947998047,-9.16204833984375,-6.749016761779785,-2.2578463554382324,-4.2981791496276855
TD1-P164,0.22359796546464372,287.109375,3.3376474380493164,0.33910107612609863,2355.603140337483,0.028865624219179153,0.7253385782241821,-255.92510986328125,95.35275268554688,15.253739356994629,28.65237045288086,3.0724642276763916,12.731375694274902,-19.366771697998047,5.940083980560303,-9.595070838928223,-0.6593737006187439,-4.401260852813721,6.416433811187744,-15.128694534301758
TD1-P170,0.2393767606654102,143.5546875,3.389859437942505,0.5419254899024963,1658.5371479667035,0.011391949839890003,1.0563709735870361,-374.5621337890625,126.12641143798828,-17.095325469970703,6.324483394622803,2.4494171142578125,-10.396215438842773,3.8351283073425293,-8.18406867980957,-5.586096286773682,1.0752997398376465,-2.548722505569458,0.9138230085372925,-0.43426916003227234
TS1-A025,0.3122070009568229,95.703125,2.8354063034057617,0.716397225856781,1488.3804954297384,0.003403129056096077,0.7375385761260986,-334.8082275390625,125.07150268554688,-6.110446453094482,23.726892471313477,7.584759712219238,-0.39222851395606995,7.445297718048096,7.139572620391846,-4.559606075286865,4.915372371673584,-1.520655870437622,3.6272695064544678,-0.550672709941864
TS1-N015,0.2981808258816877,117.45383522727273,3.3701982498168945,0.2396615892648697,2449.3335415914994,0.052415698766708374,0.8215055465698242,-319.5912780761719,83.53602600097656,-33.646141052246094,19.010705947875977,-17.96708869934082,3.368347644805908,-23.272586822509766,-11.233534812927246,-11.546582221984863,-0.47743239998817444,-11.45918083190918,3.9212522506713867,-3.2717764377593994
TS1-N016,0.4692986044717254,198.76802884615384,2.7817933559417725,0.4238540530204773,1590.5362151541578,0.005604610312730074,0.7018792033195496,-332.2375183105469,102.63707733154297,-28.773347854614258,46.09248352050781,5.276645183563232,13.764154434204102,6.314507961273193,8.263322830200195,-1.382275938987732,3.3508548736572266,2.814077854156494,0.15650205314159393,-0.2924310266971588
TS1-N039,0.247778332535045,258.3984375,3.245098114013672,0.23409883677959442,2690.458546339836,0.06401654332876205,1.2188671827316284,-379.5001525878906,76.49837493896484,-20.048152923583984,35.71988296508789,-10.694169044494629,7.35679817199707,-4.1645379066467285,-8.473915100097656,-3.05959415435791,-0.3805898427963257,-11.046956062316895,-0.4755348861217499,-1.5951756238937378
TS1-N040,0.29772834722060604,60.09265988372093,3.165315628051758,0.5588760375976562,2590.6658586936323,0.06986669450998306,1.3340108394622803,-373.7760009765625,78.03482818603516,-19.808361053466797,33.02936553955078,-0.8448695540428162,12.144928932189941,-0.7447428107261658,-2.1331682205200195,-4.310605049133301,-0.9772584438323975,-2.352039098739624,1.4073220491409302,-0.4888708293437958
TS1-N053,0.29256965893115044,92.28515625,3.111928701400757,0.2707228660583496,2403.5345411472,0.029707862064242363,0.7964347004890442,-291.9782409667969,75.4072494506836,-57.03922653198242,35.91329574584961,4.322824478149414,9.668244361877441,-13.153496742248535,12.280210494995117,-10.654828071594238,-9.815216064453125,-13.858580589294434,-2.844810724258423,-1.9846669435501099
TS1-N060,0.2888925528613794,143.5546875,3.127603530883789,0.5918460488319397,1943.4616963216147,0.02545725367963314,0.8524073362350464,-346.2222595214844,91.12017059326172,-8.554463386535645,44.77842330932617,8.163501739501953,20.214988708496094,-10.09182357788086,-0.4865715503692627,4.00391960144043,-10.288185119628906,-11.323503494262695,0.6995798945426941,-7.758846759796143
TS1-N074,0.2923296381184682,89.10290948275862,2.516010046005249,0.6065012812614441,1016.7659329263878,0.00037433503894135356,0.29020535945892334,-283.5295715332031,202.02821350097656,-36.01011276245117,-14.898482322692871,-11.038493156433105,0.13306592404842377,-11.76800537109375,-14.88620376586914,4.484132766723633,-0.49414655566215515,-17.60882568359375,5.048690319061279,-0.6140545010566711
TS1-N087,0.19886333858202793,215.33203125,3.118191719055176,0.4219985604286194,1624.4666159850142,0.019623788073658943,1.0605788230895996,-386.7294616699219,130.31246948242188,-27.207441329956055,21.931825637817383,5.287189960479736,8.365177154541016,-1.6954545974731445,-3.4904654026031494,4.629763126373291,-7.314992427825928,-5.567474365234375,5.005168437957764,3.0119357109069824
TS1-N156,0.16055898270615696,92.28515625,2.6155924797058105,0.6812241673469543,808.4923023637398,0.00047931564040482044,0.6558192372322083,-404.5693054199219,163.3259735107422,-5.373859405517578,30.962902069091797,25.890958786010742,3.4796414375305176,1.7291226387023926,1.869779348373413,-5.013998508453369,-9.503965377807617,-11.21923828125,-2.6696414947509766,-2.324815273284912
WF1-WFCD19,0.2570895204636996,172.265625,2.65923810005188,0.6962908506393433,1256.1699267013162,0.0030120222363620996,1.1507768630981445,-451.55853271484375,135.30789184570312,29.328115463256836,31.74532127380371,26.272184371948242,11.028569221496582,-1.369187355041504,-3.27956485748291,-2.016603469848633,2.2428934574127197,1.9721781015396118,11.337882041931152,8.675174713134766
WF1-WFCD26,0.24881384621714006,287.109375,3.429290533065796,0.18526706099510193,2427.9729573892923,0.03721548989415169,1.0822100639343262,-359.8209228515625,96.50240325927734,-25.119539260864258,24.13813591003418,12.740582466125488,-6.816579818725586,-4.114520072937012,-10.27928352355957,-11.950835227966309,1.8601537942886353,-0.957882285118103,8.921022415161133,-6.173093795776367
WF1-WFCD28,0.25112393954100043,287.109375,3.5263209342956543,0.37380483746528625,1886.9717431159852,0.01992020756006241,0.8383130431175232,-345.3779296875,117.32059478759766,-7.387163162231445,26.79973602294922,-1.1240750551223755,-16.35251808166504,-2.7350709438323975,-8.444002151489258,-8.589237213134766,1.5676159858703613,-0.1373259276151657,-1.9184712171554565,-5.340355396270752
WF2-1979001,0.596812646940865,135.99917763157896,2.7787294387817383,0.8439091444015503,2449.204252054441,0.018532082438468933,0.5336774587631226,-225.68515014648438,73.37013244628906,-41.25602722167969,1.9045487642288208,-2.3185131549835205,-5.633576393127441,-15.294822692871094,9.227109909057617,5.018758296966553,5.742209434509277,-0.7807378172874451,6.188630104064941,2.100630044937134
WS1-006,0.6160838983096942,78.30255681818181,2.737352132797241,0.6293694972991943,1587.063494655357,0.00267021800391376,0.26638126373291016,-235.43067932128906,136.63644409179688,-38.02430725097656,31.476255416870117,-16.187166213989258,-19.37152099609375,-10.124030113220215,-8.69591236114502,-18.963279724121094,-3.7160184383392334,-6.652029037475586,-8.932035446166992,-7.620418071746826
WSEK1-20141015,0.27239500577747844,107.666015625,3.2900619506835938,0.49719467759132385,2352.80673970325,0.024959731847047806,1.2852216958999634,-432.2622985839844,82.87853240966797,-8.528351783752441,19.772932052612305,-3.8067731857299805,-7.224772930145264,1.720504641532898,-6.721956729888916,2.5891916751861572,-0.799188494682312,0.38115546107292175,3.983523368835449,-4.048695087432861
YCL1-002,0.294329055587189,135.99917763157896,3.3080008029937744,0.23904338479042053,2197.327661537431,0.01980983465909958,0.4615992307662964,-222.48643493652344,99.11045837402344,-6.720281600952148,26.251602172851562,-4.207389831542969,3.4907398223876953,-5.3773369789123535,2.5581889152526855,-7.020010948181152,4.586374759674072,-7.065563678741455,10.352398872375488,-1.2254915237426758
