collection_id,full_identifier,title,region,dialect,languages,access_condition_name,essence_filename,essence_permalink,download_status,error_message,char_count,local_text_path,text
MMT1,MMT1-20160711Bililuna,"Jack Gordon, Marie Gordon, Patrick  Smith & Marie Mudgell",,,"English, Gurinji, Kukatja",Open (subject to agreeing to PDSC access conditions),MMT1-20160711Bililuna-lbl_01.txt,https://catalog.paradisec.org.au/repository/MMT1/20160711Bililuna/MMT1-20160711Bililuna-lbl_01.txt,error,Received HTML instead of file content (likely access denied) - Content-Type: text/html,0,,
MMT1,MMT1-20160711Bililuna,"Jack Gordon, Marie Gordon, Patrick  Smith & Marie Mudgell",,,"English, Gurinji, Kukatja",Open (subject to agreeing to PDSC access conditions),MMT1-20160711Bililuna-Metadata.pdf,https://catalog.paradisec.org.au/repository/MMT1/20160711Bililuna/MMT1-20160711Bililuna-Metadata.pdf,error,Received HTML instead of file content (likely access denied) - Content-Type: text/html,0,,
MMT1,MMT1-20160716PO,Interview with Patrick Jungarrayi Ooladoodi,Kiwirrkura,Pintupi-Kukatja,English,Open (subject to agreeing to PDSC access conditions),MMT1-20160716PO-01.txt,https://catalog.paradisec.org.au/repository/MMT1/20160716PO/MMT1-20160716PO-01.txt,error,Received HTML instead of file content (likely access denied) - Content-Type: text/html,0,,
MMT1,MMT1-20160716PO,Interview with Patrick Jungarrayi Ooladoodi,Kiwirrkura,Pintupi-Kukatja,English,Open (subject to agreeing to PDSC access conditions),MMT1-20160716PO-02.pdf,https://catalog.paradisec.org.au/repository/MMT1/20160716PO/MMT1-20160716PO-02.pdf,error,Received HTML instead of file content (likely access denied) - Content-Type: text/html,0,,
MMT1,MMT1-20170703a,Interview with Hairbrush George Jungarrayi,,,"English, Pintupi-Luritja",Open (subject to agreeing to PDSC access conditions),MMT1-20170703a-01_16b.pdf,https://catalog.paradisec.org.au/repository/MMT1/20170703a/MMT1-20170703a-01_16b.pdf,error,Received HTML instead of file content (likely access denied) - Content-Type: text/html,0,,
MMT1,MMT1-20170703a,Interview with Hairbrush George Jungarrayi,,,"English, Pintupi-Luritja",Open (subject to agreeing to PDSC access conditions),MMT1-20170703a-01.pdf,https://catalog.paradisec.org.au/repository/MMT1/20170703a/MMT1-20170703a-01.pdf,error,Received HTML instead of file content (likely access denied) - Content-Type: text/html,0,,
MMT1,MMT1-20170703a,Interview with Hairbrush George Jungarrayi,,,"English, Pintupi-Luritja",Open (subject to agreeing to PDSC access conditions),MMT1-20170703a-02.pdf,https://catalog.paradisec.org.au/repository/MMT1/20170703a/MMT1-20170703a-02.pdf,error,Received HTML instead of file content (likely access denied) - Content-Type: text/html,0,,
MMT1,MMT1-20170703a,Interview with Hairbrush George Jungarrayi,,,"English, Pintupi-Luritja",Open (subject to agreeing to PDSC access conditions),MMT1-20170703a-Hansen_Tjungurrayi_George_Laka.pdf,https://catalog.paradisec.org.au/repository/MMT1/20170703a/MMT1-20170703a-Hansen_Tjungurrayi_George_Laka.pdf,error,Received HTML instead of file content (likely access denied) - Content-Type: text/html,0,,
MMT1,MMT1-20170703b,Interview with Patrick Ooladoodi Tjungarrayi & Charlie Tjapangardi Warlampirri,,,"English, Pintupi-Luritja",Open (subject to agreeing to PDSC access conditions),MMT1-20170703b-1_16b.pdf,https://catalog.paradisec.org.au/repository/MMT1/20170703b/MMT1-20170703b-1_16b.pdf,error,Received HTML instead of file content (likely access denied) - Content-Type: text/html,0,,
MMT1,MMT1-20171005TiTree,Interview with Joe Bird and Albie Ampetyane,,,"Anmatyerre, English",Open (subject to agreeing to PDSC access conditions),MMT1-20171005TiTree-4_2.txt,https://catalog.paradisec.org.au/repository/MMT1/20171005TiTree/MMT1-20171005TiTree-4_2.txt,error,Received HTML instead of file content (likely access denied) - Content-Type: text/html,0,,
MMT1,MMT1-20171005TiTree,Interview with Joe Bird and Albie Ampetyane,,,"Anmatyerre, English",Open (subject to agreeing to PDSC access conditions),MMT1-20171005TiTree-5_1.txt,https://catalog.paradisec.org.au/repository/MMT1/20171005TiTree/MMT1-20171005TiTree-5_1.txt,error,Received HTML instead of file content (likely access denied) - Content-Type: text/html,0,,
MMT1,MMT1-20171005TiTree,Interview with Joe Bird and Albie Ampetyane,,,"Anmatyerre, English",Open (subject to agreeing to PDSC access conditions),MMT1-20171005TiTree-5_2.txt,https://catalog.paradisec.org.au/repository/MMT1/20171005TiTree/MMT1-20171005TiTree-5_2.txt,error,Received HTML instead of file content (likely access denied) - Content-Type: text/html,0,,
MMT1,MMT1-20171104KW,Kathleen Kemarre Wallace,,,"Arrernte, Eastern, English",Open (subject to agreeing to PDSC access conditions),MMT1-20171104KW-01.txt,https://catalog.paradisec.org.au/repository/MMT1/20171104KW/MMT1-20171104KW-01.txt,error,Received HTML instead of file content (likely access denied) - Content-Type: text/html,0,,
MMT1,MMT1-20171109,"Iluwanti Ken, Rene Kulitja, Josephine Mick & Tinpulya Mervyn",,,"English, Pitjantjatjara",Open (subject to agreeing to PDSC access conditions),MMT1-20171109-4730txt.pdf,https://catalog.paradisec.org.au/repository/MMT1/20171109/MMT1-20171109-4730txt.pdf,error,Received HTML instead of file content (likely access denied) - Content-Type: text/html,0,,
MMT1,MMT1-20171109,"Iluwanti Ken, Rene Kulitja, Josephine Mick & Tinpulya Mervyn",,,"English, Pitjantjatjara",Open (subject to agreeing to PDSC access conditions),MMT1-20171109-4731txt.pdf,https://catalog.paradisec.org.au/repository/MMT1/20171109/MMT1-20171109-4731txt.pdf,error,Received HTML instead of file content (likely access denied) - Content-Type: text/html,0,,
MMT1,MMT1-20171109,"Iluwanti Ken, Rene Kulitja, Josephine Mick & Tinpulya Mervyn",,,"English, Pitjantjatjara",Open (subject to agreeing to PDSC access conditions),MMT1-20171109-4732txt.pdf,https://catalog.paradisec.org.au/repository/MMT1/20171109/MMT1-20171109-4732txt.pdf,error,Received HTML instead of file content (likely access denied) - Content-Type: text/html,0,,
MMT1,MMT1-20171109,"Iluwanti Ken, Rene Kulitja, Josephine Mick & Tinpulya Mervyn",,,"English, Pitjantjatjara",Open (subject to agreeing to PDSC access conditions),MMT1-20171109-4734txt.pdf,https://catalog.paradisec.org.au/repository/MMT1/20171109/MMT1-20171109-4734txt.pdf,error,Received HTML instead of file content (likely access denied) - Content-Type: text/html,0,,
MMT1,MMT1-20171109,"Iluwanti Ken, Rene Kulitja, Josephine Mick & Tinpulya Mervyn",,,"English, Pitjantjatjara",Open (subject to agreeing to PDSC access conditions),MMT1-20171109-4736txt.pdf,https://catalog.paradisec.org.au/repository/MMT1/20171109/MMT1-20171109-4736txt.pdf,error,Received HTML instead of file content (likely access denied) - Content-Type: text/html,0,,
MMT1,MMT1-20171109,"Iluwanti Ken, Rene Kulitja, Josephine Mick & Tinpulya Mervyn",,,"English, Pitjantjatjara",Open (subject to agreeing to PDSC access conditions),MMT1-20171109-4738txt.pdf,https://catalog.paradisec.org.au/repository/MMT1/20171109/MMT1-20171109-4738txt.pdf,error,Received HTML instead of file content (likely access denied) - Content-Type: text/html,0,,
MMT1,MMT1-20171109,"Iluwanti Ken, Rene Kulitja, Josephine Mick & Tinpulya Mervyn",,,"English, Pitjantjatjara",Open (subject to agreeing to PDSC access conditions),MMT1-20171109-4739txt.pdf,https://catalog.paradisec.org.au/repository/MMT1/20171109/MMT1-20171109-4739txt.pdf,error,Received HTML instead of file content (likely access denied) - Content-Type: text/html,0,,
MMT1,MMT1-20171224NP,Nellie Patterson,Mutitjulu,,"English, Pitjantjatjara",Open (subject to agreeing to PDSC access conditions),MMT1-20171224NP-01.pdf,https://catalog.paradisec.org.au/repository/MMT1/20171224NP/MMT1-20171224NP-01.pdf,error,Received HTML instead of file content (likely access denied) - Content-Type: text/html,0,,
MMT1,MMT1-20171224NP,Nellie Patterson,Mutitjulu,,"English, Pitjantjatjara",Open (subject to agreeing to PDSC access conditions),MMT1-20171224NP-01.txt,https://catalog.paradisec.org.au/repository/MMT1/20171224NP/MMT1-20171224NP-01.txt,error,Received HTML instead of file content (likely access denied) - Content-Type: text/html,0,,
MMT1,MMT1-20171224NP,Nellie Patterson,Mutitjulu,,"English, Pitjantjatjara",Open (subject to agreeing to PDSC access conditions),MMT1-20171224NP-excerpts.txt,https://catalog.paradisec.org.au/repository/MMT1/20171224NP/MMT1-20171224NP-excerpts.txt,error,Received HTML instead of file content (likely access denied) - Content-Type: text/html,0,,
MMT1,MMT1-20180501SS,Syd Strangways,,,English,Open (subject to agreeing to PDSC access conditions),MMT1-20180501SS-01.pdf,https://catalog.paradisec.org.au/repository/MMT1/20180501SS/MMT1-20180501SS-01.pdf,error,Received HTML instead of file content (likely access denied) - Content-Type: text/html,0,,
MMT1,MMT1-20180501SS,Syd Strangways,,,English,Open (subject to agreeing to PDSC access conditions),MMT1-20180501SS-02.pdf,https://catalog.paradisec.org.au/repository/MMT1/20180501SS/MMT1-20180501SS-02.pdf,error,Received HTML instead of file content (likely access denied) - Content-Type: text/html,0,,
MMT1,MMT1-20180501SS,Syd Strangways,,,English,Open (subject to agreeing to PDSC access conditions),MMT1-20180501SS-03.pdf,https://catalog.paradisec.org.au/repository/MMT1/20180501SS/MMT1-20180501SS-03.pdf,error,Received HTML instead of file content (likely access denied) - Content-Type: text/html,0,,
MMT1,MMT1-20180501SS,Syd Strangways,,,English,Open (subject to agreeing to PDSC access conditions),MMT1-20180501SS-04.pdf,https://catalog.paradisec.org.au/repository/MMT1/20180501SS/MMT1-20180501SS-04.pdf,error,Received HTML instead of file content (likely access denied) - Content-Type: text/html,0,,
MMT1,MMT1-20180504SA,Shaun Angeles Interview,,,,Open (subject to agreeing to PDSC access conditions),MMT1-20180504SA-02.pdf,https://catalog.paradisec.org.au/repository/MMT1/20180504SA/MMT1-20180504SA-02.pdf,error,Received HTML instead of file content (likely access denied) - Content-Type: text/html,0,,
MMT1,MMT1-20180508Ernabella,"Nyinguta Edwards, Tjarriya Stanley &  Angkurna (Pantjardi) Tjitiya",,,"Arrernte, Eastern, English, Martu Wangka, Pitjantjatjara",Open (subject to agreeing to PDSC access conditions),MMT1-20180508Ernabella-01.pdf,https://catalog.paradisec.org.au/repository/MMT1/20180508Ernabella/MMT1-20180508Ernabella-01.pdf,error,Received HTML instead of file content (likely access denied) - Content-Type: text/html,0,,
MMT1,MMT1-20180508TjT,Tjunkaya Tapaya,,,"English, Pitjantjatjara",Open (subject to agreeing to PDSC access conditions),MMT1-20180508TjT-01.txt,https://catalog.paradisec.org.au/repository/MMT1/20180508TjT/MMT1-20180508TjT-01.txt,error,Received HTML instead of file content (likely access denied) - Content-Type: text/html,0,,
MMT1,MMT1-20180508TjT,Tjunkaya Tapaya,,,"English, Pitjantjatjara",Open (subject to agreeing to PDSC access conditions),MMT1-20180508TjT-01.pdf,https://catalog.paradisec.org.au/repository/MMT1/20180508TjT/MMT1-20180508TjT-01.pdf,error,Received HTML instead of file content (likely access denied) - Content-Type: text/html,0,,
MMT1,MMT1-20180509Amata,Mick Wikilyiri,,,"Arrernte, Eastern, English, Martu Wangka, Pitjantjatjara",Open (subject to agreeing to PDSC access conditions),MMT1-20180509Amata-01.pdf,https://catalog.paradisec.org.au/repository/MMT1/20180509Amata/MMT1-20180509Amata-01.pdf,error,Received HTML instead of file content (likely access denied) - Content-Type: text/html,0,,
MMT1,MMT1-20180509Amata,Mick Wikilyiri,,,"Arrernte, Eastern, English, Martu Wangka, Pitjantjatjara",Open (subject to agreeing to PDSC access conditions),MMT1-20180509Amata-02.pdf,https://catalog.paradisec.org.au/repository/MMT1/20180509Amata/MMT1-20180509Amata-02.pdf,error,Received HTML instead of file content (likely access denied) - Content-Type: text/html,0,,
MMT1,MMT1-20180509GW,Ginger Wikilyiri,Nyapari,,"English, Pitjantjatjara",Open (subject to agreeing to PDSC access conditions),MMT1-20180509GW-01.pdf,https://catalog.paradisec.org.au/repository/MMT1/20180509GW/MMT1-20180509GW-01.pdf,error,Received HTML instead of file content (likely access denied) - Content-Type: text/html,0,,
MMT1,MMT1-20180510DR_1,"Martha Protty & Nyiinku Kulitja, Docker River",,,"Arrernte, Eastern, English, Martu Wangka, Pitjantjatjara",Open (subject to agreeing to PDSC access conditions),MMT1-20180510DR_1-trs.pdf,https://catalog.paradisec.org.au/repository/MMT1/20180510DR_1/MMT1-20180510DR_1-trs.pdf,error,Received HTML instead of file content (likely access denied) - Content-Type: text/html,0,,
MMT1,MMT1-20180510Pip,Frank Young & Josephine Mick,,,"Arrernte, Eastern, English, Martu Wangka, Pitjantjatjara",Open (subject to agreeing to PDSC access conditions),MMT1-20180510Pip-trs.pdf,https://catalog.paradisec.org.au/repository/MMT1/20180510Pip/MMT1-20180510Pip-trs.pdf,error,Received HTML instead of file content (likely access denied) - Content-Type: text/html,0,,
MMT1,MMT1-20180511a_PMcKenzie,Pantjiti McKenzie,,,"English, Pitjantjatjara",Open (subject to agreeing to PDSC access conditions),MMT1-20180511a_PMcKenzie-03.pdf,https://catalog.paradisec.org.au/repository/MMT1/20180511a_PMcKenzie/MMT1-20180511a_PMcKenzie-03.pdf,error,Received HTML instead of file content (likely access denied) - Content-Type: text/html,0,,
MMT1,MMT1-20180511a_PMcKenzie,Pantjiti McKenzie,,,"English, Pitjantjatjara",Open (subject to agreeing to PDSC access conditions),MMT1-20180511a_PMcKenzie-vid.txt,https://catalog.paradisec.org.au/repository/MMT1/20180511a_PMcKenzie/MMT1-20180511a_PMcKenzie-vid.txt,error,Received HTML instead of file content (likely access denied) - Content-Type: text/html,0,,
MMT1,MMT1-20180511a_PMcKenzie,Pantjiti McKenzie,,,"English, Pitjantjatjara",Open (subject to agreeing to PDSC access conditions),MMT1-20180511a_PMcKenzie-01.pdf,https://catalog.paradisec.org.au/repository/MMT1/20180511a_PMcKenzie/MMT1-20180511a_PMcKenzie-01.pdf,error,Received HTML instead of file content (likely access denied) - Content-Type: text/html,0,,
MMT1,MMT1-20180511a_PMcKenzie,Pantjiti McKenzie,,,"English, Pitjantjatjara",Open (subject to agreeing to PDSC access conditions),MMT1-20180511a_PMcKenzie-04.pdf,https://catalog.paradisec.org.au/repository/MMT1/20180511a_PMcKenzie/MMT1-20180511a_PMcKenzie-04.pdf,error,Received HTML instead of file content (likely access denied) - Content-Type: text/html,0,,
MMT1,MMT1-20180520aKiwirrkura,Xavier Tjapanangka & Robert Nanala Tjapaljarri,,,"Arrernte, Eastern, English, Martu Wangka, Pitjantjatjara",Open (subject to agreeing to PDSC access conditions),MMT1-20180520aKiwirrkura-TXT01.pdf,https://catalog.paradisec.org.au/repository/MMT1/20180520aKiwirrkura/MMT1-20180520aKiwirrkura-TXT01.pdf,error,Received HTML instead of file content (likely access denied) - Content-Type: text/html,0,,
MMT1,MMT1-20180520aKiwirrkura,Xavier Tjapanangka & Robert Nanala Tjapaljarri,,,"Arrernte, Eastern, English, Martu Wangka, Pitjantjatjara",Open (subject to agreeing to PDSC access conditions),MMT1-20180520aKiwirrkura-TXT02.pdf,https://catalog.paradisec.org.au/repository/MMT1/20180520aKiwirrkura/MMT1-20180520aKiwirrkura-TXT02.pdf,error,Received HTML instead of file content (likely access denied) - Content-Type: text/html,0,,
MMT1,MMT1-20180522ML,Pamela Tolsen Nakamarra  & Napurla Scobie  Napurrurla,,,"English, Pintupi-Luritja",Open (subject to agreeing to PDSC access conditions),MMT1-20180522ML-16btxt.pdf,https://catalog.paradisec.org.au/repository/MMT1/20180522ML/MMT1-20180522ML-16btxt.pdf,error,Received HTML instead of file content (likely access denied) - Content-Type: text/html,0,,
MMT1,MMT1-20180522MNelson,Michael Nelson,,,,Open (subject to agreeing to PDSC access conditions),MMT1-20180522MNelson-transcript.txt,https://catalog.paradisec.org.au/repository/MMT1/20180522MNelson/MMT1-20180522MNelson-transcript.txt,error,Received HTML instead of file content (likely access denied) - Content-Type: text/html,0,,
MMT1,MMT1-20180523LA,Linda Anderson,,,"English, Pintupi-Luritja",Open (subject to agreeing to PDSC access conditions),MMT1-20180523LA-16b.pdf,https://catalog.paradisec.org.au/repository/MMT1/20180523LA/MMT1-20180523LA-16b.pdf,error,Received HTML instead of file content (likely access denied) - Content-Type: text/html,0,,
MMT1,MMT1-20180607Broome,"Elsie Dickens, Jean Tinghe Minga, Julia Lawford & Rita Minga",,,"English, Gurinji, Kukatja, Mangala, Martu Wangka, Nyangumarta, Nyunga, Pintupi-Luritja, Panytyima, Warlpiri, Nyiyaparli",Open (subject to agreeing to PDSC access conditions),MMT1-20180607Broome-txt.pdf,https://catalog.paradisec.org.au/repository/MMT1/20180607Broome/MMT1-20180607Broome-txt.pdf,error,Received HTML instead of file content (likely access denied) - Content-Type: text/html,0,,
MMT1,MMT1-20180609Broome,"Suzie Gilbert, Betty Hunter,  Anna Dwyer & Jessica Bangu",,,"Anmatyerre, English, Gurinji, Kukatja, Mangala, Martu Wangka, Nyangumarta, Pintupi-Luritja, Panytyima, Warlpiri, Nyiyaparli",Open (subject to agreeing to PDSC access conditions),MMT1-20180609Broome-txt.pdf,https://catalog.paradisec.org.au/repository/MMT1/20180609Broome/MMT1-20180609Broome-txt.pdf,error,Received HTML instead of file content (likely access denied) - Content-Type: text/html,0,,
MMT1,MMT1-20180612Bidyadanga,Winnie Coppin,,,"English, Mangala",Open (subject to agreeing to PDSC access conditions),MMT1-20180612Bidyadanga-trs.pdf,https://catalog.paradisec.org.au/repository/MMT1/20180612Bidyadanga/MMT1-20180612Bidyadanga-trs.pdf,error,Received HTML instead of file content (likely access denied) - Content-Type: text/html,0,,
MMT1,MMT1-20180725MC,Milton Chapman,,,"English, Martu Wangka",Open (subject to agreeing to PDSC access conditions),MMT1-20180725MC-txt01.pdf,https://catalog.paradisec.org.au/repository/MMT1/20180725MC/MMT1-20180725MC-txt01.pdf,error,Received HTML instead of file content (likely access denied) - Content-Type: text/html,0,,
MMT1,MMT1-20180730JS,Janet Stewart and Bruce Thomas,,,"English, Martu Wangka, Pintupi-Luritja, Panytyima, Nyiyaparli",Open (subject to agreeing to PDSC access conditions),MMT1-20180730JS-03txt.pdf,https://catalog.paradisec.org.au/repository/MMT1/20180730JS/MMT1-20180730JS-03txt.pdf,error,Received HTML instead of file content (likely access denied) - Content-Type: text/html,0,,
MMT1,MMT1-20180730JS,Janet Stewart and Bruce Thomas,,,"English, Martu Wangka, Pintupi-Luritja, Panytyima, Nyiyaparli",Open (subject to agreeing to PDSC access conditions),MMT1-20180730JS-02txt.pdf,https://catalog.paradisec.org.au/repository/MMT1/20180730JS/MMT1-20180730JS-02txt.pdf,error,Received HTML instead of file content (likely access denied) - Content-Type: text/html,0,,
MMT1,MMT1-20180730JS,Janet Stewart and Bruce Thomas,,,"English, Martu Wangka, Pintupi-Luritja, Panytyima, Nyiyaparli",Open (subject to agreeing to PDSC access conditions),MMT1-20180730JS-01txt.pdf,https://catalog.paradisec.org.au/repository/MMT1/20180730JS/MMT1-20180730JS-01txt.pdf,error,Received HTML instead of file content (likely access denied) - Content-Type: text/html,0,,
MMT1,MMT1-20180730JS,Janet Stewart and Bruce Thomas,,,"English, Martu Wangka, Pintupi-Luritja, Panytyima, Nyiyaparli",Open (subject to agreeing to PDSC access conditions),MMT1-20180730JS-text.pdf,https://catalog.paradisec.org.au/repository/MMT1/20180730JS/MMT1-20180730JS-text.pdf,error,Received HTML instead of file content (likely access denied) - Content-Type: text/html,0,,
MMT1,MMT1-20180803AT,Alec Tucker,,,"English, Panytyima",Open (subject to agreeing to PDSC access conditions),MMT1-20180803AT-lbl_02.pdf,https://catalog.paradisec.org.au/repository/MMT1/20180803AT/MMT1-20180803AT-lbl_02.pdf,error,Received HTML instead of file content (likely access denied) - Content-Type: text/html,0,,
MMT1,MMT1-20180803AT,Alec Tucker,,,"English, Panytyima",Open (subject to agreeing to PDSC access conditions),MMT1-20180803AT-lbl_04.pdf,https://catalog.paradisec.org.au/repository/MMT1/20180803AT/MMT1-20180803AT-lbl_04.pdf,error,Received HTML instead of file content (likely access denied) - Content-Type: text/html,0,,
MMT1,MMT1-20180803AT,Alec Tucker,,,"English, Panytyima",Open (subject to agreeing to PDSC access conditions),MMT1-20180803AT-lbl_03.pdf,https://catalog.paradisec.org.au/repository/MMT1/20180803AT/MMT1-20180803AT-lbl_03.pdf,error,Received HTML instead of file content (likely access denied) - Content-Type: text/html,0,,
MMT1,MMT1-20180809JB,Joe Brown,,,"Arrernte, Eastern, English, Martu Wangka, Pintupi-Luritja, Pitjantjatjara, Warlpiri",Open (subject to agreeing to PDSC access conditions),MMT1-20180809JB-txt01.pdf,https://catalog.paradisec.org.au/repository/MMT1/20180809JB/MMT1-20180809JB-txt01.pdf,error,Received HTML instead of file content (likely access denied) - Content-Type: text/html,0,,
MMT1,MMT1-20180809JB,Joe Brown,,,"Arrernte, Eastern, English, Martu Wangka, Pintupi-Luritja, Pitjantjatjara, Warlpiri",Open (subject to agreeing to PDSC access conditions),MMT1-20180809JB-txt02.pdf,https://catalog.paradisec.org.au/repository/MMT1/20180809JB/MMT1-20180809JB-txt02.pdf,error,Received HTML instead of file content (likely access denied) - Content-Type: text/html,0,,
MMT1,MMT1-20181119ANHenwood,Alice Nampijinpa Henwood,,,"English, Martu Wangka, Pintupi-Luritja",Open (subject to agreeing to PDSC access conditions),MMT1-20181119ANHenwood-TXT01.pdf,https://catalog.paradisec.org.au/repository/MMT1/20181119ANHenwood/MMT1-20181119ANHenwood-TXT01.pdf,error,Received HTML instead of file content (likely access denied) - Content-Type: text/html,0,,
MMT1,MMT1-20181209Perth,David Stock and Hilda Flan,,,"Arrernte, Eastern, English, Martu Wangka, Pintupi-Luritja, Pitjantjatjara",Open (subject to agreeing to PDSC access conditions),MMT1-20181209Perth-TXT01.pdf,https://catalog.paradisec.org.au/repository/MMT1/20181209Perth/MMT1-20181209Perth-TXT01.pdf,error,Received HTML instead of file content (likely access denied) - Content-Type: text/html,0,,
MMT1,MMT1-20181209Perth,David Stock and Hilda Flan,,,"Arrernte, Eastern, English, Martu Wangka, Pintupi-Luritja, Pitjantjatjara",Open (subject to agreeing to PDSC access conditions),MMT1-20181209Perth-TXT02.pdf,https://catalog.paradisec.org.au/repository/MMT1/20181209Perth/MMT1-20181209Perth-TXT02.pdf,error,Received HTML instead of file content (likely access denied) - Content-Type: text/html,0,,
MMT1,MMT1-20181214LG,Lyle Gibson Tjakamarra,,,"Arrernte, Eastern, English, Martu Wangka, Pintupi-Luritja, Pitjantjatjara",Open (subject to agreeing to PDSC access conditions),MMT1-20181214LG-TXT01.txt,https://catalog.paradisec.org.au/repository/MMT1/20181214LG/MMT1-20181214LG-TXT01.txt,error,Received HTML instead of file content (likely access denied) - Content-Type: text/html,0,,
MMT1,MMT1-20181214LG,Lyle Gibson Tjakamarra,,,"Arrernte, Eastern, English, Martu Wangka, Pintupi-Luritja, Pitjantjatjara",Open (subject to agreeing to PDSC access conditions),MMT1-20181214LG-Transcript.pdf,https://catalog.paradisec.org.au/repository/MMT1/20181214LG/MMT1-20181214LG-Transcript.pdf,error,Received HTML instead of file content (likely access denied) - Content-Type: text/html,0,,
MMT1,MMT1-20190108BTjalkuriny,Bernhard Tjalkuriny,,,"Arrernte, Eastern, English, Martu Wangka, Pintupi-Luritja, Pitjantjatjara",Open (subject to agreeing to PDSC access conditions),MMT1-20190108BTjalkuriny-trs.pdf,https://catalog.paradisec.org.au/repository/MMT1/20190108BTjalkuriny/MMT1-20190108BTjalkuriny-trs.pdf,error,Received HTML instead of file content (likely access denied) - Content-Type: text/html,0,,
MMT1,MMT1-20190109LL,Lucy Lester,,,"English, Martu Wangka, Pintupi-Luritja, Pitjantjatjara",Open (subject to agreeing to PDSC access conditions),MMT1-20190109LL-03.pdf,https://catalog.paradisec.org.au/repository/MMT1/20190109LL/MMT1-20190109LL-03.pdf,error,Received HTML instead of file content (likely access denied) - Content-Type: text/html,0,,
MMT1,MMT1-20190109LL,Lucy Lester,,,"English, Martu Wangka, Pintupi-Luritja, Pitjantjatjara",Open (subject to agreeing to PDSC access conditions),MMT1-20190109LL-01.pdf,https://catalog.paradisec.org.au/repository/MMT1/20190109LL/MMT1-20190109LL-01.pdf,error,Received HTML instead of file content (likely access denied) - Content-Type: text/html,0,,
MMT1,MMT1-20190116FM,Fred Myers,,,"Arrernte, Eastern, English, Martu Wangka, Pitjantjatjara",Open (subject to agreeing to PDSC access conditions),MMT1-20190116FM-01.pdf,https://catalog.paradisec.org.au/repository/MMT1/20190116FM/MMT1-20190116FM-01.pdf,error,Received HTML instead of file content (likely access denied) - Content-Type: text/html,0,,
MMT1,MMT1-20190415Balgo,"Patrick Jupiter Smith & Marie Mudgedell, Balgo WA",,,"English, Kukatja, Martu Wangka, Pintupi-Luritja, Warlpiri, Walmajarri",Open (subject to agreeing to PDSC access conditions),MMT1-20190415Balgo-02.pdf,https://catalog.paradisec.org.au/repository/MMT1/20190415Balgo/MMT1-20190415Balgo-02.pdf,error,Received HTML instead of file content (likely access denied) - Content-Type: text/html,0,,
MMT1,MMT1-20190415Balgo,"Patrick Jupiter Smith & Marie Mudgedell, Balgo WA",,,"English, Kukatja, Martu Wangka, Pintupi-Luritja, Warlpiri, Walmajarri",Open (subject to agreeing to PDSC access conditions),MMT1-20190415Balgo-04.pdf,https://catalog.paradisec.org.au/repository/MMT1/20190415Balgo/MMT1-20190415Balgo-04.pdf,error,Received HTML instead of file content (likely access denied) - Content-Type: text/html,0,,
MMT1,MMT1-20190415Balgo,"Patrick Jupiter Smith & Marie Mudgedell, Balgo WA",,,"English, Kukatja, Martu Wangka, Pintupi-Luritja, Warlpiri, Walmajarri",Open (subject to agreeing to PDSC access conditions),MMT1-20190415Balgo-05.pdf,https://catalog.paradisec.org.au/repository/MMT1/20190415Balgo/MMT1-20190415Balgo-05.pdf,error,Received HTML instead of file content (likely access denied) - Content-Type: text/html,0,,
MMT1,MMT1-20190415Balgo,"Patrick Jupiter Smith & Marie Mudgedell, Balgo WA",,,"English, Kukatja, Martu Wangka, Pintupi-Luritja, Warlpiri, Walmajarri",Open (subject to agreeing to PDSC access conditions),MMT1-20190415Balgo-08.pdf,https://catalog.paradisec.org.au/repository/MMT1/20190415Balgo/MMT1-20190415Balgo-08.pdf,error,Received HTML instead of file content (likely access denied) - Content-Type: text/html,0,,
MMT1,MMT1-20190415Balgo,"Patrick Jupiter Smith & Marie Mudgedell, Balgo WA",,,"English, Kukatja, Martu Wangka, Pintupi-Luritja, Warlpiri, Walmajarri",Open (subject to agreeing to PDSC access conditions),MMT1-20190415Balgo-06.pdf,https://catalog.paradisec.org.au/repository/MMT1/20190415Balgo/MMT1-20190415Balgo-06.pdf,error,Received HTML instead of file content (likely access denied) - Content-Type: text/html,0,,
MMT1,MMT1-20190415Balgo,"Patrick Jupiter Smith & Marie Mudgedell, Balgo WA",,,"English, Kukatja, Martu Wangka, Pintupi-Luritja, Warlpiri, Walmajarri",Open (subject to agreeing to PDSC access conditions),MMT1-20190415Balgo-01.pdf,https://catalog.paradisec.org.au/repository/MMT1/20190415Balgo/MMT1-20190415Balgo-01.pdf,error,Received HTML instead of file content (likely access denied) - Content-Type: text/html,0,,
MMT1,MMT1-20190415Balgo,"Patrick Jupiter Smith & Marie Mudgedell, Balgo WA",,,"English, Kukatja, Martu Wangka, Pintupi-Luritja, Warlpiri, Walmajarri",Open (subject to agreeing to PDSC access conditions),MMT1-20190415Balgo-07.pdf,https://catalog.paradisec.org.au/repository/MMT1/20190415Balgo/MMT1-20190415Balgo-07.pdf,error,Received HTML instead of file content (likely access denied) - Content-Type: text/html,0,,
MMT1,MMT1-20190415Balgo,"Patrick Jupiter Smith & Marie Mudgedell, Balgo WA",,,"English, Kukatja, Martu Wangka, Pintupi-Luritja, Warlpiri, Walmajarri",Open (subject to agreeing to PDSC access conditions),MMT1-20190415Balgo-03.pdf,https://catalog.paradisec.org.au/repository/MMT1/20190415Balgo/MMT1-20190415Balgo-03.pdf,error,Received HTML instead of file content (likely access denied) - Content-Type: text/html,0,,
MMT1,MMT1-20190417HT,"Helicopter Tjungarrai & Patrick Smith at Balgo, WA",,,"English, Kukatja, Pintupi-Luritja, Warlpiri, Walmajarri",Open (subject to agreeing to PDSC access conditions),MMT1-20190417HT-01.pdf,https://catalog.paradisec.org.au/repository/MMT1/20190417HT/MMT1-20190417HT-01.pdf,error,Received HTML instead of file content (likely access denied) - Content-Type: text/html,0,,
MMT1,MMT1-20190417HT,"Helicopter Tjungarrai & Patrick Smith at Balgo, WA",,,"English, Kukatja, Pintupi-Luritja, Warlpiri, Walmajarri",Open (subject to agreeing to PDSC access conditions),MMT1-20190417HT-02_16b.pdf,https://catalog.paradisec.org.au/repository/MMT1/20190417HT/MMT1-20190417HT-02_16b.pdf,error,Received HTML instead of file content (likely access denied) - Content-Type: text/html,0,,
MMT1,MMT1-20190417HT,"Helicopter Tjungarrai & Patrick Smith at Balgo, WA",,,"English, Kukatja, Pintupi-Luritja, Warlpiri, Walmajarri",Open (subject to agreeing to PDSC access conditions),MMT1-20190417HT-02.pdf,https://catalog.paradisec.org.au/repository/MMT1/20190417HT/MMT1-20190417HT-02.pdf,error,Received HTML instead of file content (likely access denied) - Content-Type: text/html,0,,
MMT1,MMT1-20190426MS,"Marina Strocchi, at Alice Springs",,,"English, Pintupi-Luritja",Open (subject to agreeing to PDSC access conditions),MMT1-20190426MS-01_16b.pdf,https://catalog.paradisec.org.au/repository/MMT1/20190426MS/MMT1-20190426MS-01_16b.pdf,error,Received HTML instead of file content (likely access denied) - Content-Type: text/html,0,,
MMT1,MMT1-20190717Parnngurr,"Muuki Taylor,  Nyari-nyari Simpson at Parnngurr, WA",Parnngarr,,"English, Martu Wangka",Open (subject to agreeing to PDSC access conditions),MMT1-20190717Parnngurr-txt_NS03.pdf,https://catalog.paradisec.org.au/repository/MMT1/20190717Parnngurr/MMT1-20190717Parnngurr-txt_NS03.pdf,error,Received HTML instead of file content (likely access denied) - Content-Type: text/html,0,,
MMT1,MMT1-20190717Parnngurr,"Muuki Taylor,  Nyari-nyari Simpson at Parnngurr, WA",Parnngarr,,"English, Martu Wangka",Open (subject to agreeing to PDSC access conditions),MMT1-20190717Parnngurr-txt_NS04.pdf,https://catalog.paradisec.org.au/repository/MMT1/20190717Parnngurr/MMT1-20190717Parnngurr-txt_NS04.pdf,error,Received HTML instead of file content (likely access denied) - Content-Type: text/html,0,,
MMT1,MMT1-20190717Parnngurr,"Muuki Taylor,  Nyari-nyari Simpson at Parnngurr, WA",Parnngarr,,"English, Martu Wangka",Open (subject to agreeing to PDSC access conditions),MMT1-20190717Parnngurr-txt_NS01.pdf,https://catalog.paradisec.org.au/repository/MMT1/20190717Parnngurr/MMT1-20190717Parnngurr-txt_NS01.pdf,error,Received HTML instead of file content (likely access denied) - Content-Type: text/html,0,,
MMT1,MMT1-20190717Parnngurr,"Muuki Taylor,  Nyari-nyari Simpson at Parnngurr, WA",Parnngarr,,"English, Martu Wangka",Open (subject to agreeing to PDSC access conditions),MMT1-20190717Parnngurr-txt_NS02.pdf,https://catalog.paradisec.org.au/repository/MMT1/20190717Parnngurr/MMT1-20190717Parnngurr-txt_NS02.pdf,error,Received HTML instead of file content (likely access denied) - Content-Type: text/html,0,,
MMT1,MMT1-20190721CC,Charlie Coppin,,,"Martu Wangka, Nyangumarta",Open (subject to agreeing to PDSC access conditions),MMT1-20190721CC-transcript.pdf,https://catalog.paradisec.org.au/repository/MMT1/20190721CC/MMT1-20190721CC-transcript.pdf,error,Received HTML instead of file content (likely access denied) - Content-Type: text/html,0,,
MMT1,MMT1-20190723BH,Barbara Hale,,,"English, Martu Wangka, Nyangumarta",Open (subject to agreeing to PDSC access conditions),MMT1-20190723BH-02txt.pdf,https://catalog.paradisec.org.au/repository/MMT1/20190723BH/MMT1-20190723BH-02txt.pdf,error,Received HTML instead of file content (likely access denied) - Content-Type: text/html,0,,
MMT1,MMT1-20190723BH,Barbara Hale,,,"English, Martu Wangka, Nyangumarta",Open (subject to agreeing to PDSC access conditions),MMT1-20190723BH-01txt.pdf,https://catalog.paradisec.org.au/repository/MMT1/20190723BH/MMT1-20190723BH-01txt.pdf,error,Received HTML instead of file content (likely access denied) - Content-Type: text/html,0,,
MMT1,MMT1-20190929a,Maime Butler,,,"English, Ngaanyatjarra",Open (subject to agreeing to PDSC access conditions),MMT1-20190929a-02txt.pdf,https://catalog.paradisec.org.au/repository/MMT1/20190929a/MMT1-20190929a-02txt.pdf,error,Received HTML instead of file content (likely access denied) - Content-Type: text/html,0,,
MMT1,MMT1-20190929a,Maime Butler,,,"English, Ngaanyatjarra",Open (subject to agreeing to PDSC access conditions),MMT1-20190929a-01txt.pdf,https://catalog.paradisec.org.au/repository/MMT1/20190929a/MMT1-20190929a-01txt.pdf,error,Received HTML instead of file content (likely access denied) - Content-Type: text/html,0,,
MMT1,MMT1-20190929a,Maime Butler,,,"English, Ngaanyatjarra",Open (subject to agreeing to PDSC access conditions),MMT1-20190929a-text.pdf,https://catalog.paradisec.org.au/repository/MMT1/20190929a/MMT1-20190929a-text.pdf,error,Received HTML instead of file content (likely access denied) - Content-Type: text/html,0,,
MMT1,MMT1-20190929bTM,Thomas Murray,,,"English, Ngaanyatjarra",Open (subject to agreeing to PDSC access conditions),MMT1-20190929bTM-txt01.pdf,https://catalog.paradisec.org.au/repository/MMT1/20190929bTM/MMT1-20190929bTM-txt01.pdf,error,Received HTML instead of file content (likely access denied) - Content-Type: text/html,0,,
MMT1,MMT1-20190929bTM,Thomas Murray,,,"English, Ngaanyatjarra",Open (subject to agreeing to PDSC access conditions),MMT1-20190929bTM-txt02.pdf,https://catalog.paradisec.org.au/repository/MMT1/20190929bTM/MMT1-20190929bTM-txt02.pdf,error,Received HTML instead of file content (likely access denied) - Content-Type: text/html,0,,
MMT1,MMT1-20190930RW,Robert Woods,"Jamieson ((Mantu Maru), WA",,"English, Pitjantjatjara",Open (subject to agreeing to PDSC access conditions),MMT1-20190930RW-text_full.pdf,https://catalog.paradisec.org.au/repository/MMT1/20190930RW/MMT1-20190930RW-text_full.pdf,error,Received HTML instead of file content (likely access denied) - Content-Type: text/html,0,,
MMT1,MMT1-20190930RW,Robert Woods,"Jamieson ((Mantu Maru), WA",,"English, Pitjantjatjara",Open (subject to agreeing to PDSC access conditions),MMT1-20190930RW-01txt.pdf,https://catalog.paradisec.org.au/repository/MMT1/20190930RW/MMT1-20190930RW-01txt.pdf,error,Received HTML instead of file content (likely access denied) - Content-Type: text/html,0,,
MMT1,MMT1-20191002GC,Glen Cooke,Wannan,,"English, Ngaanyatjarra",Open (subject to agreeing to PDSC access conditions),MMT1-20191002GC-02txt.pdf,https://catalog.paradisec.org.au/repository/MMT1/20191002GC/MMT1-20191002GC-02txt.pdf,error,Received HTML instead of file content (likely access denied) - Content-Type: text/html,0,,
MMT1,MMT1-20191002GC,Glen Cooke,Wannan,,"English, Ngaanyatjarra",Open (subject to agreeing to PDSC access conditions),MMT1-20191002GC-01txt.pdf,https://catalog.paradisec.org.au/repository/MMT1/20191002GC/MMT1-20191002GC-01txt.pdf,error,Received HTML instead of file content (likely access denied) - Content-Type: text/html,0,,
MMT1,MMT1-20191002GC,Glen Cooke,Wannan,,"English, Ngaanyatjarra",Open (subject to agreeing to PDSC access conditions),MMT1-20191002GC-03txt.pdf,https://catalog.paradisec.org.au/repository/MMT1/20191002GC/MMT1-20191002GC-03txt.pdf,error,Received HTML instead of file content (likely access denied) - Content-Type: text/html,0,,
MMT1,MMT1-20191003BN,Bernhard Newberry,Warakurna,,Ngaanyatjarra,Closed (subject to the access condition details),MMT1-20191003BN-MD.txt,https://catalog.paradisec.org.au/repository/MMT1/20191003BN/MMT1-20191003BN-MD.txt,error,Received HTML instead of file content (likely access denied) - Content-Type: text/html,0,,
MMT1,MMT1-20210726BH,Bill Yidumduma Harney sings,,,Multiple languages,Open (subject to agreeing to PDSC access conditions),MMT1-20210726BH-fieldnotes.pdf,https://catalog.paradisec.org.au/repository/MMT1/20210726BH/MMT1-20210726BH-fieldnotes.pdf,error,Received HTML instead of file content (likely access denied) - Content-Type: text/html,0,,
