record_no,accession_no,creator,main_title,date_created,medium,dimensions,cultural_origin,credit_line
1,3092,,Arien Abend,/11/1941,Ink on paper,335mm (H) x 210mm (W),,
2,3095,,Grosses Unterhaltund Skon Zert,20/01/1942,Ink on paper,325mm (H) x 210mm (W),,
3,3129,"Stadlen, Mr Peter (Pianist)",Piano Recital - Peter Stadlen,,Ink on paper,205mm (H) x 130mm (W),,
4,3240,"Jeidels, Mr Harry (Collator, 1905-1987)",Scrapbook,1942 - 1945,"Ink on paper, with card and felt",closed book 237mm (H) x 330mm (W) x 28mm (D),,
5,3256,"Sternberg, Dr. K (Director) Mr Bieber (Artist)",Snow White Joins Up,31/12/1941,Paint and ink on paper and cardboard,,,
6,3257,"Sternberg, Dr. K (Director) Mr Bieber (Artist)",Snow White Joins Up,31/12/1941,Paint and ink on paper and cardboard,,,
7,3287,"Lohde, Sergeant Sigurd (Composer)",8th Employment Company March,1942 - 1943,Ink on paper,,,
8,3315.1,"Fabian, Mr Erwin (Artist-Painter, -19/01/2020)",Klavier Abend,1941,"Pencil, ink and watercolour on paper",open 135mm (H) x 130mm (W),,
9,3315.2,"Fabian, Mr Erwin (Artist-Painter, -19/01/2020)",Klavier Abend,1941,"Pencil, ink and watercolour on paper",open 135mm (H) x 251mm (W),,
10,3315.3,"Fabian, Mr Erwin (Artist-Painter, -19/01/2020)",Klavier Abend,1941,"Pencil, ink and watercolour on paper",open 135mm (H) x 251mm (W),,
11,3360,"Schönbach, Mr Fritz (Artist-Painter, 1920)",The Story of The Good Soldier Schwejk,09/1941,Watercolour and ink on card and paper,open 213mm (H) x 403mm (W) closed 126mm (H) x 106mm (W),,
12,3362,"Fabian, Mr Erwin (Artist, -19/01/2020)",Sergeant Snow White,11/05/1943,Ink on paper,,,
13,3372,,V for Victory Variety Concert,1/11/1941,Ink on paper,open 168mm (H) x 215mm (W),,
14,3373,,"We're In Love, A Rumbling Riot of Rollicking Revue",11/1941,"Print, blue ink on paper",open 168mm (H) x 215mm (W),,
15,3376,"Sternberg, Dr. K (Director)",Sergeant Snow White,04/1943,Ink on paper,,,
16,3377,Recreation Department Hay (Maker),Unterhaltungs Konzert,1941,Pencil and ink on paper,91mm (H) x 260mm (W),,
17,3394,,"[COPY] Sketch titled ""The True Music Lover""",1941,Laminated ink on paper.,21.4cm (H) x 24.8cm (W),,
18,3439,"Sternberg, Dr. K (Director)",Snow White New Year Revue,1941 - 1942,Ink on paper,,,
19,3458,"Schnitz, P E (designer)","program - Wir reisen um die Welt, 1941",05/1941,Ink on paper,,,
20,3523,"Behrens, Mr Kurt Firestone, Mr Frank",[PHOTOCOPY] Music for Beethoven concert given in Hay camp,1940 - 1941,Paper,,,
21,3619,"Reichwald, Mr. M. (Composer)",Tempo di Slow Fox,1940s,Pen and pencil on paper,,,
22,3620,Melbourne Orchestra (Host),Free Concerts for the Forces,17/03/1944,Ink on paper,,,
23,3644,,Dandenong's Night of Music,9/07/1942,Ink on paper,,,
24,3670,The Cermaic Repartee Club (Producer),A Fruity Melodrama/The Doings Up At The 'All/The Snake in the Snow,6/11/1941,Ink on paper,,,
25,3681.1,"Sternberg, Dr. K (Writer and Director)",Sergeant Snow White,15/04/1943 - 19/04/1943,Ink on paper,,,
26,3681.2,"Sternberg, Dr. K (Writer and Director)",Sergeant Snow White,15/04/1943 - 19/04/1943,Ink on paper,,,
27,3681.3,"Sternberg, Dr. K (Writer and Director)",Sergeant Snow White,15/04/1943 - 19/04/1943,Ink on paper,,,
28,3682,"Sternberg, Dr. K (Writer and Director)",Sergeant Snow White,11/05/1943 - 13/05/1943,Ink on paper,,,
29,3683.5,"Sternberg, Dr. K (Writer and Director)",Sergeant Snow White Anniversay Performance,19/04/1943,Ink on paper,195mm (H) x 290mm (W),,
30,3685.55,"Sternberg, Dr. K (Writer)",Sergeant Snow White Script,1943,Ink on paper,,,
31,3744,Victorian Artist Society Galleries (Publisher),A Globetrotter's Diary,20/07/1989 - 30/07/1989,Ink on paper,,,
32,3777.2,,We Travel Round the World,1940 - 1941,Ink and watercolour on paper,,,
33,3810,,Naval Draft Boxing Competition,1941,Ink on paper,,,
34,3827,,Stars of the Seven Seas,16/07/1941,Ink on paper,,,
35,3840,Union Castle Line (Manufacturer),Union Castle Line Programme,11/1941,Ink on paper,open 168mm (H) x 215mm (W),,
36,3896,"Glass, Paul G (Programme designer)","program - Hay Fever, 1941",1941,"Ink and watercolour on paper, with wool",,,
37,3913,"Draffin, Mr Nicholas (Author)",Two Masters of the Weimar Bauhaus Catalogue,1974,Ink on paper; metal staples,,,
38,3921,"Ritterman, Renee (Producer)",Journey's End,1940's,Ink on paper,,,
39,3922,,Correspondence to Rosenthal,15/7/1941,Ink on paper,,,
40,3938,,Frank Firestone,,photographic print,,,
41,3954,"Gepner, Gary (Author) The Australian Jewish News (Publisher)","Newspaper clipping - Music round the world via S.S. Dunera, The Australian Jewish News, 9 August 1968",1968,Ink on paper,,,
42,4023.1,Recreation Department Hay (Producer),"A Variety Fare, Tripe and Onions/Wir Reisen Um Die Welt",1941,Watercolour ink and ink on paper,90mm (H) x 130mm (W),,
43,4023.2,"Meier, Mr Bernhard (Producer)",Wir Reisen um die Welt,1941,Ink and watercolour on paper,,,
44,4057,,"Booklet - Booklet of songs for Oneg Shabbat, Tatura, Victoria, 1941",1941,Ink on paper,170mm (H) x 105mm (W),"Tatura, Victoria, Australia",
45,4117,,Snow White Joins Up,31/12/1941,Ink on paper,,,
46,4122,Hay Camp 8 Internees,Programme,1940 - 1941,Ink on paper,,,
47,4131,The Pure Products Pty. Ltd. (Producer),Pure Products,1941,Ink on paper,,,
48,4153,,Die Geschichte Voh Braven Soldaten Schwejk (German text),09/1941,Ink on paper,,,
49,4332,Jewish Society of Arts (Publisher),Jewish Society of Arts programmes and catalogues,1960's,Ink on paper,unframed 335mm (H) x 206mm (W),,
50,4358,"Werder, Felix (Musician)",Music by Felix Werder,,"Cassette, plastic cassette cover and cardboard",7cm (H) x 10.8cm (W) x 1.5cm (D),,
51,4371,,BBC Programme on Dunera,,VHS cassette,Unframed 18cm (H) x 10cm (W) x 2.5cm (D),,
52,4411,,Music class,1930,Ink on paper and cardboard,,,
53,4425,Bezalel Fellowship of Arts (Producer),The Jewish Festival of the Arts,1993,Ink on paper and cardboard,Unframed 300mm (H) x 210mm (W),,
54,4450,,Programme,1940 - 1941,Ink on paper,Unframed 335mm (H) x 210mm (W),,
55,4452,Melbourne Philharmonic Orchestra (Performer) Melbourne Symphony Orchestra (Performer) Australian Broadcasting Commission (Host),Free Concerts for Members of the Fighting Services,1943,Ink on paper,Unframed 230mm (H) x 150mm (W),,
56,4453,University Conservatorium of Music (Host),Concerts in Aid of Red Cross and Comforts Funds,1943,Ink on paper,Unframed 230mm (H) x 125mm (W),,
57,4468,,"Sandstorms, Hay Days, Don't Release Me Mr Layton",c. 1941,Pen on paper,Unframed 245mm (H) x 198mm (W),,
58,4480,"Stampfl, Franz (designer)",Recreation Department programme,12/12/1940,Ink on paper,,,
59,4481,,Musical Circle,c. 1950s,photographic print,86mm (H) x 123mm (W),,
60,4483,"Pietruschka, Major Ivan (Composer)",Geheime Anziehungskrafte,1930,Ink on paper,270mm (H) x 170mm (W),,
61,4484,Kitchener Camp Orchestra (Distributor),Orchestral Concert flyer,2/11/1939,Ink on paper,200mm (H) x 130mm (W),,
62,4485.1,Mr B Sherman (Sender),Mr B Sherman to Ivan Majer Pietruschka (German text),26/07/1939,Ink on paper,250mm (H) x 210mm (W),,
63,4485.2,,Envelope addressed to Ivan Majer Pietruschka,10-03-1946,"Paper, ink",120mm (H) x 160mm (W),,
64,4486,,Letter addressed to Ivan Majer Pietruschka,10/03/1946,Ink on paper,175mm (H) x 115mm (W),,
65,4487,"Australian Army, No. 7 Camp Eastern Command (Sender)",No 7 Camp Eastern Command to Ivan Majer Pietruschka,19/05/1941,Ink on paper,260mm (H) x 205mm (W),,
66,4488,Australian Military Forces,Certificate of Discharge issued to Pt. Pietruschka,21/07/1943,"Paper, ink",231mm (H) x 190mm (W),,
67,4489,Commonwealth of Australia (Issuer),Certificate of Naturalization,9/09/1946,Ink on paper,330mm (H) x 201mm (W),,
68,4490,Church of England (Issuer),Certificate of Marriage,16/02/1946,Ink on paper,211mm (H) x 220mm (W),,
69,4491,,Ivan & Phyllis Pietruschka on their wedding day,16/02/1946,photographic print,130mm (H) x 805mm (W),,
70,4492,,Violin Section of the 3DB Orchestra,1949,silver gelatin print on paper,151mm (H) x 201mm (W),,
71,4493,The Herald (Publisher),"Newspaper cutting, The Herald",1951,Ink on paper,190mm (H) x 91mm (W),,
72,4494,,Ivan Pietruschka and family,1951,photographic print,215mm (H) x 165mm (W),,
73,4495,Australian Broadcasting Commission (Author),ABC to Ivan Pietruschka,27/06/1951,Ink on paper,201mm (H) x 130mm (W),,
74,4496,,Letter addressed to Ivan Pietruschka,10/03/1946,Ink on paper,171mm (H) x 111mm (W),,
75,4497,,Brahms sheet music,,Paper and ink,201mm (H) x 141mm (W),,
76,4498,Tempo (Publisher),"Band of the Month, Tempo",09/1949,Ink on paper,420mm (H) x 280mm (W),,
77,4499,,Programme for Yehudi Menuhin,11/07/1951,Paper and ink,240mm (H) x 181mm (W),,
78,4659,Australian Jewish News (Publisher),"Newspaper - 'Music Round the World via S.S. Dunera', Australian Jewish News, 1968",9/04/1968,Ink on paper,441mm (H) x 291mm (W),,
79,7011,,Bunter Abend,1940 - 1941,"Watercolour paint, ink and pencil on paper",,,
80,7012,,We Travel Around the World,1941 - 1942,Ink and watercolour paint on paper,,,
81,7037,,Sergeant Snow White,1943,Ink on paper,,,
82,7039,,Sergeant Snow White,17/4/43,Ink on card,,,
83,13795.3,"Zentner, Hermann (Subject)","Photograph - Hermann Zentner picking pears, Shepparton, Victoria, 1941-1942",1941-1942,photographic print,240mm (H) x 161mm (W),,Donated by Mary Allinson
84,13810.12,associated person,Concert band,1940's,photographic print,60mm (H) x 90mm (W),,